id,style,name,roles,kind,file,pixel_size,source_index,source_layer_id,source_opacity_pct,source_blend,symbol_units,resolution_class,baked_shadow,source_effects,use,rule,sha256,source_fill_opacity_pct,source_effects_master_enabled,source_composition
P-G01,rural,橄榄绿草地肌理,"[""grass""]",texture,assets/P-G01.png,"[512, 512]","[1, 6]",34,100.0,norm,,native_pixels,False,[],山地公园、乡村草坡、大面积地被,使用目标绿地蒙版；降低接缝与重复纹理；结合分区深浅。,5de8ff07d101f50caf0640eddb74c1500e4dbd35d2a06175be5cdf223d1ecdba,100.0,False,"{""audit"": ""library/composition-audit.json"", ""source_id"": ""rural"", ""layer_id"": 34, ""clipping_base_layer_id"": 32, ""clip_layer_ids"": [], ""parent_layer_ids"": [44]}"
P-G02,rural,柔化自然植被肌理,"[""grass""]",texture,assets/P-G02.png,"[512, 512]","[1, 4]",43,100.0,norm,,native_pixels,False,[],林下、坡面过渡、自然草地边缘,保持软边与细密颗粒；在目标范围内渐变叠加。,d18fc95098e5e102a594992f03c4613310fe47ab5cf05db592c163c7751b5b62,100.0,False,"{""audit"": ""library/composition-audit.json"", ""source_id"": ""rural"", ""layer_id"": 43, ""clipping_base_layer_id"": 35, ""clip_layer_ids"": [], ""parent_layer_ids"": [44]}"
P-W01,rural,自然水波纹理,"[""water""]",texture,assets/P-W01.png,"[512, 512]","[1, 1]",532,30.2,sLit,,native_pixels,False,[],河流、溪流、自然池塘,源图为柔光 30.2% 剪贴层；叠于蓝灰底色，不移植原河道轮廓。,da21359918b46e5024a77ee7f9d40cffd38394fe8caa8a9a268af6d015128f4c,100.0,False,"{""audit"": ""library/composition-audit.json"", ""source_id"": ""rural"", ""layer_id"": 532, ""clipping_base_layer_id"": 68, ""clip_layer_ids"": [], ""parent_layer_ids"": [44]}"
P-P01,rural,暖土褐地面,"[""paving""]",texture,assets/P-P01.png,"[512, 512]","[2, 3]",72,100.0,norm,,native_pixels,False,[],村巷、集散小广场、乡土铺地,用目标道路或广场闭合蒙版；保留粗糙度与暖灰棕色。,5ff348a02de5ca18629cec67f8d9d8ebf597007519b23872d0f16062d5d40254,100.0,False,"{""audit"": ""library/composition-audit.json"", ""source_id"": ""rural"", ""layer_id"": 72, ""clipping_base_layer_id"": 71, ""clip_layer_ids"": [], ""parent_layer_ids"": [49]}"
P-P02,rural,斑驳浅褐铺地,"[""paving""]",texture,assets/P-P02.png,"[512, 512]","[2, 1]",64,100.0,norm,,native_pixels,False,[],小节点、入口、乡村活动场,与草地建立材质差别；不要整片覆盖田野。,5d97b57bb419946a059ccc6d2b77ace1ca0627c6d730acccc69d6ada9b45b15c,100.0,False,"{""audit"": ""library/composition-audit.json"", ""source_id"": ""rural"", ""layer_id"": 64, ""clipping_base_layer_id"": 62, ""clip_layer_ids"": [], ""parent_layer_ids"": [49]}"
P-P03,rural,冷灰细颗粒铺地,"[""paving""]",texture,assets/P-P03.png,"[512, 512]","[2, 5]",74,70.2,norm,,native_pixels,False,[],步道、商业街、石质通道,从源图 70.2% 不透明度开始试铺，再统一图面灰度。,9b8d8f3d80e355fe7db9b12ccf0315442cf760b43766ef057e56ce999b9548d7,100.0,False,"{""audit"": ""library/composition-audit.json"", ""source_id"": ""rural"", ""layer_id"": 74, ""clipping_base_layer_id"": 73, ""clip_layer_ids"": [], ""parent_layer_ids"": [49]}"
P-P04,rural,中灰混凝土肌理,"[""paving""]",texture,assets/P-P04.png,"[512, 512]","[2, 11]",167,100.0,norm,,native_pixels,False,[],道路、服务设施外场,按主次路网分明度，所有纹理裁入目标道路边界。,b81e6c1ad4482aac1860787028bf035f3f26317270df55fdc0bbe8b620eec01a,100.0,False,"{""audit"": ""library/composition-audit.json"", ""source_id"": ""rural"", ""layer_id"": 167, ""clipping_base_layer_id"": 165, ""clip_layer_ids"": [], ""parent_layer_ids"": [49]}"
P-D01,rural,自然木纹,"[""wood""]",texture,assets/P-D01.png,"[256, 256]",[15],418,100.0,norm,,native_pixels,False,[],栈道、亲水平台、木质小节点,木纹顺行进方向；纹理尺度随图幅统一，不继承源栈道路径。,4fd02d4c3671cc4ed30668d5f8fe7693912ec97aac931f225d5a992abeddadf9,100.0,False,"{""audit"": ""library/composition-audit.json"", ""source_id"": ""rural"", ""layer_id"": 418, ""clipping_base_layer_id"": 416, ""clip_layer_ids"": [], ""parent_layer_ids"": []}"
P-D02,rural,浅金木板纹理,"[""wood""]",texture,assets/P-D02.png,"[512, 512]","[2, 9]",164,100.0,norm,,native_pixels,False,[],重点观景平台、小型廊架地面,作为局部暖色点缀；先调低饱和度适应乡村基调。,779f0ae3baf14a3940610e1381f13fb307fd30c595946dd3cb405e8839311cdb,100.0,False,"{""audit"": ""library/composition-audit.json"", ""source_id"": ""rural"", ""layer_id"": 164, ""clipping_base_layer_id"": 161, ""clip_layer_ids"": [], ""parent_layer_ids"": [49]}"
P-T01,rural,浅色乔木与烘焙树影,"[""tree""]",symbol,assets/P-T01.png,"[67, 77]","[16, 69]",287,83.1,norm,1,small_local_only,True,[],乡村村口、巷口、院落、远景点树,原素材仅 67×77 像素；只缩小使用。树影已烘焙，保持统一光向。,63d7d5667cf20bd5442f91d45360e65d8cf0512df85272b6dd281265ccf43c26,100.0,False,"{""audit"": ""library/composition-audit.json"", ""source_id"": ""rural"", ""layer_id"": 287, ""clipping_base_layer_id"": null, ""clip_layer_ids"": [], ""parent_layer_ids"": [47]}"
P-T02,rural,低饱和自然树冠 1,"[""tree""]",symbol,assets/P-T02.png,"[56, 45]","[16, 0]",87,100.0,norm,1,small_local_only,False,[],乡村林缘、疏林、坡地乔木,保留源素材低饱和色阶；先在目标底色上检查透明边缘与已有树影。,53d484f25034fec1c7073b555fe1ed992a81886c3a142a609da732bbed73a8b6,100.0,False,"{""audit"": ""library/composition-audit.json"", ""source_id"": ""rural"", ""layer_id"": 87, ""clipping_base_layer_id"": null, ""clip_layer_ids"": [], ""parent_layer_ids"": [47]}"
P-T03,rural,低饱和自然树冠 2,"[""tree""]",symbol,assets/P-T03.png,"[36, 40]","[16, 0]",87,100.0,norm,1,small_local_only,False,[],乡村林缘、疏林、坡地乔木,保留源素材低饱和色阶；先在目标底色上检查透明边缘与已有树影。,8971b4674137e237bca23155b81aee73b9113d085b7f639f01af15ea5d69facc,100.0,False,"{""audit"": ""library/composition-audit.json"", ""source_id"": ""rural"", ""layer_id"": 87, ""clipping_base_layer_id"": null, ""clip_layer_ids"": [], ""parent_layer_ids"": [47]}"
P-T04,rural,低饱和自然树冠 3,"[""tree""]",symbol,assets/P-T04.png,"[46, 38]","[16, 0]",87,100.0,norm,1,small_local_only,False,[],乡村林缘、疏林、坡地乔木,保留源素材低饱和色阶；先在目标底色上检查透明边缘与已有树影。,bb7cbe94a35a1de54f4a766bc727524e0bceba9112b7e6b2c508ef6623d332f0,100.0,False,"{""audit"": ""library/composition-audit.json"", ""source_id"": ""rural"", ""layer_id"": 87, ""clipping_base_layer_id"": null, ""clip_layer_ids"": [], ""parent_layer_ids"": [47]}"
P-REF01,rural,山地植被与等高线层次,"[""reference""]",reference,examples/P-REF01.jpg,"[1550, 1190]",,,,,,reference,False,[],自然山体、坡地公园,借鉴草地、纹理、明暗和线条层次；地形线与坡向必须取自目标项目。,6d4d89e45bb1788aecfdd8f685cee5af14d84c2167f54cb63d68e6ae6400193b,,,
P-REF02,rural,村落与乡土铺装组合,"[""reference""]",reference,examples/P-REF02.jpg,"[1240, 1150]",,,,,,reference,False,[],村落更新、乡村街巷,借鉴深色屋面、暖色地面、浅色点树与投影关系；建筑位置由目标 CAD 决定。,3ba6faef0845b3a6dd0570fdc033a223d8a0278cf7157ad4343ad11bbfd269af,,,
P-REF03,rural,自然河道与木栈道,"[""reference""]",reference,examples/P-REF03.jpg,"[749, 1200]",,,,,,reference,False,[],河岸公园、滨水步道,借鉴水波、岸线、栈道材质；只在目标方案已有的滨水空间使用。,6967250141e0df940ff5dd9aedf691ccdb20e668c72cedc89a77cea0a8c4aabc,,,
P-REF04,rural,边缘淡化与图面装饰,"[""reference""]",reference,examples/P-REF04.jpg,"[920, 710]",,,,,,reference,False,[],汇报展板边缘,云雾、印章、鸟群属于可选展示效果，不计入场地实体丰富度。,83306758b36a866e84bdac0eea49da196ebbdb433ec9b39c7bdfa8f84c14bd12,,,
R-G01,residential,住宅草坪肌理,"[""grass""]",texture,assets/R-G01.png,"[256, 256]",[18],132,100.0,mul ,,native_pixels,False,"[{""type"": ""InnerShadow"", ""enabled"": true, ""active_in_saved_composite"": true, ""opacity"": 86.0, ""angle"": -137, ""distance"": 3.0, ""size"": 5.0, ""use_global_light"": true, ""blend_mode"": ""Mltp""}]",楼间草地、宅旁绿地、中央草坪,仅使用净纹理取样；目标空间以目标 CAD 蒙版重建。,cd250ad4c1fc392130be4236fc8135f0705a8c583fca52bd545b98edb0c7f5ee,100.0,True,"{""audit"": ""library/composition-audit.json"", ""source_id"": ""residential"", ""layer_id"": 132, ""clipping_base_layer_id"": null, ""clip_layer_ids"": [], ""parent_layer_ids"": []}"
R-G02,residential,亮绿灌木地被肌理,"[""grass""]",texture,assets/R-G02.png,"[64, 64]",[29],162,100.0,norm,,small_local_only,False,[],入口花池、景墙旁、庭院边缘,作为种植层次与重点节点，控制亮绿面积，避免全场同亮度。,c52954249702f40464f89ec53761552d1db7c5a4401f056c90600f74a0fe466c,100.0,False,"{""audit"": ""library/composition-audit.json"", ""source_id"": ""residential"", ""layer_id"": 162, ""clipping_base_layer_id"": null, ""clip_layer_ids"": [], ""parent_layer_ids"": []}"
R-W01,residential,庭院蓝色水面肌理,"[""water""]",texture,assets/R-W01.png,"[192, 192]",[25],153,100.0,norm,,native_pixels,False,[],中心水景、泳池、浅水景观,沿目标水景边界裁切，另设水岸高光和深水边缘层。,c8dc565b28369e46adf744c11e9b64fcf30b7dd8a812c056517bfe824668a25f,100.0,False,"{""audit"": ""library/composition-audit.json"", ""source_id"": ""residential"", ""layer_id"": 153, ""clipping_base_layer_id"": null, ""clip_layer_ids"": [], ""parent_layer_ids"": []}"
R-P01,residential,米白石材铺装,"[""paving""]",texture,assets/R-P01.png,"[128, 128]",[24],140,100.0,norm,,native_pixels,False,"[{""type"": ""InnerShadow"", ""enabled"": true, ""active_in_saved_composite"": true, ""opacity"": 75.0, ""angle"": -137, ""distance"": 3.0, ""size"": 3.0, ""use_global_light"": true, ""blend_mode"": ""Mltp""}, {""type"": ""ColorOverlay"", ""enabled"": true, ""active_in_saved_composite"": true, ""opacity"": 5.0, ""blend_mode"": ""Mltp""}]",会客庭院、泳池周边、宅间节点,以目标场地重建几何；小样非无缝，拼接后检查颗粒与重复。,8ae44c68f3375e29ca3299f4f545b09d8ed1778206b9d7f5c2f83da073724123,100.0,True,"{""audit"": ""library/composition-audit.json"", ""source_id"": ""residential"", ""layer_id"": 140, ""clipping_base_layer_id"": null, ""clip_layer_ids"": [], ""parent_layer_ids"": []}"
R-P02,residential,灰色颗粒铺装,"[""paving""]",texture,assets/R-P02.png,"[64, 64]",[22],159,100.0,norm,,small_local_only,False,"[{""type"": ""PatternOverlay"", ""enabled"": true, ""active_in_saved_composite"": true, ""opacity"": 85.0, ""angle"": 0.0, ""blend_mode"": ""Nrml"", ""pattern_resource_id"": ""85ac075f-9728-11e5-a572-92ac11040dbd""}]",休闲平台、铺装嵌条、小块硬地,原有效纹理较窄，只作局部取样；大面积使用前检查清晰度。,481c51b08a004b055973a7d67fe420868c792f34b8dbde038256e72121b2aabe,100.0,True,"{""audit"": ""library/composition-audit.json"", ""source_id"": ""residential"", ""layer_id"": 159, ""clipping_base_layer_id"": null, ""clip_layer_ids"": [], ""parent_layer_ids"": []}"
R-T01,residential,深绿双株乔木组合,"[""tree""]",symbol,assets/R-T01.png,"[296, 158]",[42],33,54.9,norm,2,native_pixels,False,"[{""type"": ""DropShadow"", ""enabled"": true, ""active_in_saved_composite"": true, ""opacity"": 90.0, ""angle"": -137, ""distance"": 71.0, ""size"": 0.0, ""use_global_light"": true, ""blend_mode"": ""Mltp""}]",宅间组团、道路林荫、庭院背景；秋色树用于局部点景,保持源树冠细节和柔和树影；遵循图层源透明度起调，色调与光向统一。,6922aca4805784d4ed73f951e88966031b8ae1cb3663c6f0bb44a20f2aa8d500,100.0,True,"{""audit"": ""library/composition-audit.json"", ""source_id"": ""residential"", ""layer_id"": 33, ""clipping_base_layer_id"": null, ""clip_layer_ids"": [], ""parent_layer_ids"": []}"
R-T02,residential,中绿三株乔木组合,"[""tree""]",symbol,assets/R-T02.png,"[238, 239]",[40],32,50.2,norm,3,native_pixels,False,"[{""type"": ""DropShadow"", ""enabled"": true, ""active_in_saved_composite"": true, ""opacity"": 95.0, ""angle"": -137, ""distance"": 50.0, ""size"": 0.0, ""use_global_light"": true, ""blend_mode"": ""Mltp""}]",宅间组团、道路林荫、庭院背景；秋色树用于局部点景,保持源树冠细节和柔和树影；遵循图层源透明度起调，色调与光向统一。,471031f89870c8f6cecdf181b0b6296f129628243a798aa082840c0cec09dfa2,100.0,True,"{""audit"": ""library/composition-audit.json"", ""source_id"": ""residential"", ""layer_id"": 32, ""clipping_base_layer_id"": null, ""clip_layer_ids"": [], ""parent_layer_ids"": []}"
R-T03,residential,浅中绿三株乔木组合,"[""tree""]",symbol,assets/R-T03.png,"[249, 233]",[40],32,50.2,norm,3,native_pixels,False,"[{""type"": ""DropShadow"", ""enabled"": true, ""active_in_saved_composite"": true, ""opacity"": 95.0, ""angle"": -137, ""distance"": 50.0, ""size"": 0.0, ""use_global_light"": true, ""blend_mode"": ""Mltp""}]",宅间组团、道路林荫、庭院背景；秋色树用于局部点景,保持源树冠细节和柔和树影；遵循图层源透明度起调，色调与光向统一。,df09b6333402a102fbae46123d602a298e6386540052d4a3090b98a8fa24c4c3,100.0,True,"{""audit"": ""library/composition-audit.json"", ""source_id"": ""residential"", ""layer_id"": 32, ""clipping_base_layer_id"": null, ""clip_layer_ids"": [], ""parent_layer_ids"": []}"
R-T04,residential,浅绿单株树冠,"[""tree""]",symbol,assets/R-T04.png,"[118, 118]",[41],36,80.0,norm,1,small_local_only,False,"[{""type"": ""DropShadow"", ""enabled"": true, ""active_in_saved_composite"": true, ""opacity"": 66.0, ""angle"": -137, ""distance"": 40.0, ""size"": 0.0, ""use_global_light"": true, ""blend_mode"": ""Mltp""}]",宅间组团、道路林荫、庭院背景；秋色树用于局部点景,保持源树冠细节和柔和树影；遵循图层源透明度起调，色调与光向统一。,fc4b11d01bc3dbde82615200f51f9fe31d5df58fc6f3da958bdb3871cf59df7f,100.0,True,"{""audit"": ""library/composition-audit.json"", ""source_id"": ""residential"", ""layer_id"": 36, ""clipping_base_layer_id"": null, ""clip_layer_ids"": [], ""parent_layer_ids"": []}"
R-T05,residential,秋色点景单株乔木,"[""tree""]",symbol,assets/R-T05.png,"[142, 144]",[43],35,70.2,norm,1,native_pixels,False,"[{""type"": ""DropShadow"", ""enabled"": true, ""active_in_saved_composite"": true, ""opacity"": 70.0, ""angle"": -137, ""distance"": 55.0, ""size"": 1.0, ""use_global_light"": true, ""blend_mode"": ""Mltp""}]",宅间组团、道路林荫、庭院背景；秋色树用于局部点景,保持源树冠细节和柔和树影；遵循图层源透明度起调，色调与光向统一。,d9811e180115b63706598ace1215addee1f41fe21571d8a959906e1acb1159cd,100.0,True,"{""audit"": ""library/composition-audit.json"", ""source_id"": ""residential"", ""layer_id"": 35, ""clipping_base_layer_id"": null, ""clip_layer_ids"": [], ""parent_layer_ids"": []}"
R-T06,residential,小冠三株树组,"[""tree""]",symbol,assets/R-T06.png,"[206, 107]",[39],34,70.2,norm,3,small_local_only,False,"[{""type"": ""DropShadow"", ""enabled"": true, ""active_in_saved_composite"": true, ""opacity"": 75.0, ""angle"": -137, ""distance"": 27.0, ""size"": 5.0, ""use_global_light"": true, ""blend_mode"": ""Mltp""}]",宅间组团、道路林荫、庭院背景；秋色树用于局部点景,保持源树冠细节和柔和树影；遵循图层源透明度起调，色调与光向统一。,e2fcd7b2c32dd2b59280f6e5fca6d33292146889748cdb7c18ba3b7f14736daf,100.0,True,"{""audit"": ""library/composition-audit.json"", ""source_id"": ""residential"", ""layer_id"": 34, ""clipping_base_layer_id"": null, ""clip_layer_ids"": [], ""parent_layer_ids"": []}"
R-T07,residential,深绿单株乔木,"[""tree""]",symbol,assets/R-T07.png,"[158, 162]",[42],33,54.9,norm,1,native_pixels,False,"[{""type"": ""DropShadow"", ""enabled"": true, ""active_in_saved_composite"": true, ""opacity"": 90.0, ""angle"": -137, ""distance"": 71.0, ""size"": 0.0, ""use_global_light"": true, ""blend_mode"": ""Mltp""}]",连续行道树、宅间组团补点,按单株冠幅缩放，与深绿双株树组搭配；光向统一。,cc24667a16b5a61563c28424afc8a0e59d57e3c75819673819327de1dd4f651c,100.0,True,"{""audit"": ""library/composition-audit.json"", ""source_id"": ""residential"", ""layer_id"": 33, ""clipping_base_layer_id"": null, ""clip_layer_ids"": [], ""parent_layer_ids"": []}"
R-T08,residential,中绿单株乔木,"[""tree""]",symbol,assets/R-T08.png,"[135, 135]",[40],32,50.2,norm,1,native_pixels,False,"[{""type"": ""DropShadow"", ""enabled"": true, ""active_in_saved_composite"": true, ""opacity"": 95.0, ""angle"": -137, ""distance"": 50.0, ""size"": 0.0, ""use_global_light"": true, ""blend_mode"": ""Mltp""}]",宅前、步道旁、林缘疏密过渡,用单株与三株组打散重复节奏；调整源图 50.2% 透明度。,1bd737ade65287894cf757ddd3413768b1b043ebe3d9670abaf05c62057577b3,100.0,True,"{""audit"": ""library/composition-audit.json"", ""source_id"": ""residential"", ""layer_id"": 32, ""clipping_base_layer_id"": null, ""clip_layer_ids"": [], ""parent_layer_ids"": []}"
R-F01,residential,庭院遮阳伞,"[""furniture""]",symbol,assets/R-F01.png,"[68, 73]",[38],166,100.0,norm,,small_local_only,False,"[{""type"": ""DropShadow"", ""enabled"": true, ""active_in_saved_composite"": true, ""opacity"": 65.0, ""angle"": -137, ""distance"": 17.0, ""size"": 2.0, ""use_global_light"": true, ""blend_mode"": ""Mltp""}, {""type"": ""ColorOverlay"", ""enabled"": true, ""active_in_saved_composite"": true, ""opacity"": 8.0, ""blend_mode"": ""Nrml""}]",有休憩需求的庭院、泳池外场,按目标方案布置座椅节点；保持通行面完整。,69bbe56229a2b1d37cc1ee9c42fac92ab27ca0fbe044cd6d45a09c7eec209658,100.0,True,"{""audit"": ""library/composition-audit.json"", ""source_id"": ""residential"", ""layer_id"": 166, ""clipping_base_layer_id"": null, ""clip_layer_ids"": [], ""parent_layer_ids"": []}"
R-F02,residential,休闲躺椅组,"[""furniture""]",symbol,assets/R-F02.png,"[129, 165]",[37],164,100.0,norm,,native_pixels,False,[],泳池边、度假式休憩平台,按实际功能使用；源像素较小，需检查最终图面清晰度。,bc87985500cf9a597cba88bb5ab16bd035944a35f4e1e46e722c3f3ab1ea9c64,100.0,False,"{""audit"": ""library/composition-audit.json"", ""source_id"": ""residential"", ""layer_id"": 164, ""clipping_base_layer_id"": null, ""clip_layer_ids"": [], ""parent_layer_ids"": []}"
R-V01,residential,场地车辆,"[""vehicle""]",symbol,assets/R-V01.png,"[77, 94]",[36],163,100.0,norm,,small_local_only,False,[],目标道路、明确的停车位,沿车道方向摆放；车长以目标图面尺度校准。,334d03704c7521bd2abefefb72fdf29b878cd0e5f652aa92120c503f7d520460,100.0,False,"{""audit"": ""library/composition-audit.json"", ""source_id"": ""residential"", ""layer_id"": 163, ""clipping_base_layer_id"": null, ""clip_layer_ids"": [], ""parent_layer_ids"": []}"
R-H01,residential,俯视人物组合,"[""person""]",symbol,assets/R-H01.png,"[55, 71]",[44],52,100.0,norm,,small_local_only,False,[],广场、庭院、休闲步道,小比例尺活动示意；保持人在步行空间内，作为低密度配景。,61f900de705196142d0eea46e8448b5b337ff84b5afce636a7b1d1f69b44f67f,100.0,False,"{""audit"": ""library/composition-audit.json"", ""source_id"": ""residential"", ""layer_id"": 52, ""clipping_base_layer_id"": null, ""clip_layer_ids"": [], ""parent_layer_ids"": []}"
R-REF01,residential,宅间草地与乔木层次,"[""reference""]",reference,examples/R-REF01.jpg,"[1600, 623]",,,,,,reference,False,[],住宅楼间、宅前宅后,草地纹理、乔木、灌木/地被、步道、建筑投影共同形成丰富度。,67907cdf1c5b8b172b8b5c162213479ff5704c4caf9783607c71375dc51392d2,,,
R-REF02,residential,水景会客庭院,"[""reference""]",reference,examples/R-REF02.jpg,"[1600, 771]",,,,,,reference,False,[],中心庭院、入口轴线节点,借鉴水面、池岸、铺装、绿岛、遮阳伞及坐席组合；形状按目标方案重建。,39b9fe9262a0004e331e71382a9ad1077086306295d729d3b8320a33af1ce679,,,
R-REF03,residential,停车与宅间道路,"[""reference""]",reference,examples/R-REF03.jpg,"[1600, 392]",,,,,,reference,False,[],住宅内部路网、停车带,停车线、路缘、树带与铺装材质形成尺度；以项目道路几何为准。,0ac281434569ce05bb9ed7504d3daea612875c8e06f7b29f947dec060de7cac1,,,
R-REF04,residential,住宅屋面与建筑投影,"[""reference""]",reference,examples/R-REF04.jpg,"[1600, 629]",,,,,,reference,False,[],住宅建筑区,建筑轮廓、屋面细节、檐口与投影分层；不复制源建筑平面或楼号。,b8fed5da513b4b4f0908eb23468d71461e6f7f57f83388fca3dadea87b6d7847,,,
R-REF05,residential,住宅滨水公园过渡,"[""reference""]",reference,examples/R-REF05.jpg,"[770, 1200]",,,,,,reference,False,[],住宅配套公园、外侧滨水带,降低外围对比度，保留连续步道和开放草坪；主体与背景分级。,8f4a1cce8b7996af432980acd49b8def6317ed03612327ad7774f9962102011d,,,
M-G01,landscape,细颗粒草地基底,"[""grass""]",texture,assets/M-G01.png,"[512, 512]",[2],288,100.0,norm,,native_pixels,False,[],现代公园草坡、开放绿地,以目标绿地蒙版剪贴，再用 M-G02 增加自然明暗。,9aa730bb4957827fdd04129a3b781ce662920d263266782261d7cd53a5f4a598,100.0,False,"{""audit"": ""library/composition-audit.json"", ""source_id"": ""landscape"", ""layer_id"": 288, ""clipping_base_layer_id"": 18, ""clip_layer_ids"": [], ""parent_layer_ids"": []}"
M-G02,landscape,自然草地叠加肌理,"[""grass""]",texture,assets/M-G02.png,"[512, 512]",[3],289,100.0,over,,native_pixels,False,[],地形绿地、林缘、坡面,源图为叠加 100% 剪贴层；需有 M-G01 或统一草地底色。,b13a89d7ef4f1e75cf644bba08848e4c79af7ed9ecb1c43e6ecc2702f9379a0b,32.941,False,"{""audit"": ""library/composition-audit.json"", ""source_id"": ""landscape"", ""layer_id"": 289, ""clipping_base_layer_id"": 18, ""clip_layer_ids"": [], ""parent_layer_ids"": []}"
M-P01,landscape,浅灰条石铺装,"[""paving""]",texture,assets/M-P01.png,"[256, 256]",[8],66,100.0,norm,,native_pixels,False,"[{""type"": ""Stroke"", ""enabled"": true, ""active_in_saved_composite"": true, ""opacity"": 100.0, ""angle"": 0.0, ""size"": 4.0, ""blend_mode"": ""Nrml""}]",台阶平台、亲水节点,原层含原项目蒙版，取样不带蒙版；按目标铺装方向控制缝线。,b84b48ba315932ce6b76545023a4802c69962337773c594bfa6b0a3f74d908b8,100.0,True,"{""audit"": ""library/composition-audit.json"", ""source_id"": ""landscape"", ""layer_id"": 66, ""clipping_base_layer_id"": null, ""clip_layer_ids"": [], ""parent_layer_ids"": []}"
M-P02,landscape,暖褐斑驳铺装,"[""paving""]",texture,assets/M-P02.png,"[64, 64]",[10],47,100.0,norm,,small_local_only,False,[],曲线步道的重点嵌带、转折节点,小面积使用；不照搬源步道轮廓。,442eb470a79127fe6afdb5c83fd392cb5dbbbb59b9c2c5739ccdf25aae70d029,100.0,False,"{""audit"": ""library/composition-audit.json"", ""source_id"": ""landscape"", ""layer_id"": 47, ""clipping_base_layer_id"": null, ""clip_layer_ids"": [], ""parent_layer_ids"": []}"
M-W01,landscape,蓝绿斑驳水面,"[""water""]",texture,assets/M-W01.png,"[512, 512]",[14],294,100.0,norm,,native_pixels,False,[],景观水池、线性水景、曲线水岸,源为剪贴层，叠于蓝绿色水域底色；池岸单独建立。,6ba446c6b2a7197f964a9a3eff1ae2e2de56a06437f6310bbc0252629b0b9590,100.0,False,"{""audit"": ""library/composition-audit.json"", ""source_id"": ""landscape"", ""layer_id"": 294, ""clipping_base_layer_id"": 55, ""clip_layer_ids"": [], ""parent_layer_ids"": []}"
M-D01,landscape,棕灰细木板,"[""wood""]",texture,assets/M-D01.png,"[512, 512]",[17],63,100.0,norm,,native_pixels,False,[],木平台、亲水看台,源素材经过旋转；纹理不保证无缝，按目标板缝方向调整。,86987634a14db31143654ee14ad508a5bf4db59f930e6e8cc89dbe9e8006bdae,100.0,False,"{""audit"": ""library/composition-audit.json"", ""source_id"": ""landscape"", ""layer_id"": 63, ""clipping_base_layer_id"": null, ""clip_layer_ids"": [], ""parent_layer_ids"": []}"
M-T01,landscape,中绿轻盈乔木,"[""tree""]",symbol,assets/M-T01.png,"[256, 280]",[39],296,63.1,norm,1,native_pixels,False,"[{""type"": ""DropShadow"", ""enabled"": true, ""active_in_saved_composite"": true, ""opacity"": 45.0, ""angle"": -149, ""distance"": 47.0, ""size"": 0.0, ""use_global_light"": true, ""blend_mode"": ""Mltp""}]",现代公园林缘、坡地、小树组,源不透明度 63.1%；透明边缘保留，树影另按目标光向。,f983a88c651cab4a520eb79ef118599a1b9c82718d07d7a1ffdff0d93018e725,100.0,True,"{""audit"": ""library/composition-audit.json"", ""source_id"": ""landscape"", ""layer_id"": 296, ""clipping_base_layer_id"": null, ""clip_layer_ids"": [], ""parent_layer_ids"": []}"
M-T02,landscape,金黄疏透乔木,"[""tree""]",symbol,assets/M-T02.png,"[277, 259]",[40],295,76.9,norm,1,native_pixels,False,"[{""type"": ""DropShadow"", ""enabled"": true, ""active_in_saved_composite"": true, ""opacity"": 45.0, ""angle"": -149, ""distance"": 89.0, ""size"": 0.0, ""use_global_light"": true, ""blend_mode"": ""Mltp""}]",开放草坡、浅色铺装旁,源不透明度 76.9%；树冠疏透，避免叠加过密。,5da6e1c0bb67d6110287d60bf25536a98d63b1d0a0a331bb1012c3c1abc069b5,100.0,True,"{""audit"": ""library/composition-audit.json"", ""source_id"": ""landscape"", ""layer_id"": 295, ""clipping_base_layer_id"": null, ""clip_layer_ids"": [], ""parent_layer_ids"": []}"
M-T03,landscape,黄绿圆冠乔木,"[""tree""]",symbol,assets/M-T03.png,"[444, 422]",[41],291,78.8,norm,1,native_pixels,False,"[{""type"": ""DropShadow"", ""enabled"": true, ""active_in_saved_composite"": true, ""opacity"": 45.0, ""angle"": -149, ""distance"": 124.0, ""size"": 0.0, ""use_global_light"": true, ""blend_mode"": ""Mltp""}]",现代景观主体树组、入口点树,源不透明度 78.8%；与 M-T01 和 M-T02 形成层次。,694d8048ae61e44c8079f89b2cf445b20e651fc92fa526f271998947c1a220d1,100.0,True,"{""audit"": ""library/composition-audit.json"", ""source_id"": ""landscape"", ""layer_id"": 291, ""clipping_base_layer_id"": null, ""clip_layer_ids"": [], ""parent_layer_ids"": []}"
M-T04,landscape,粉白花树冠,"[""tree""]",symbol,assets/M-T04.png,"[343, 364]",[42],300,100.0,norm,1,native_pixels,False,[],重点转折、入口小节点,按表现需要局部点景；颜色不作为真实树种确认。,7caea026eecef82525a9ff6773ebadc9ad46624e37efac4cf1511287f27a26c7,100.0,False,"{""audit"": ""library/composition-audit.json"", ""source_id"": ""landscape"", ""layer_id"": 300, ""clipping_base_layer_id"": null, ""clip_layer_ids"": [], ""parent_layer_ids"": []}"
M-H01,landscape,俯视步行人物,"[""person""]",symbol,assets/M-H01.png,"[30, 40]",[25],102,70.2,norm,,small_local_only,False,[],现代景观步道、平台,30×40 px，小比例尺配景；源不透明度 70.2%。,2a131d00f0353a5253f6f00c0a387f41c06c8a21981a76fa28ec6989547a2c2d,100.0,False,"{""audit"": ""library/composition-audit.json"", ""source_id"": ""landscape"", ""layer_id"": 102, ""clipping_base_layer_id"": null, ""clip_layer_ids"": [], ""parent_layer_ids"": []}"
M-H02,landscape,俯视活动人物,"[""person""]",symbol,assets/M-H02.png,"[52, 49]",[26],104,100.0,norm,,small_local_only,False,"[{""type"": ""DropShadow"", ""enabled"": true, ""active_in_saved_composite"": false, ""opacity"": 48.0, ""angle"": -149, ""distance"": 11.0, ""size"": 2.0, ""use_global_light"": true, ""blend_mode"": ""Mltp""}]",休憩平台、草坪边缘,按目标活动空间摆放，保留通道。,133c41069b76e026f94e62d519c42e3768f2be5750072987a2799972ea78ed76,100.0,False,"{""audit"": ""library/composition-audit.json"", ""source_id"": ""landscape"", ""layer_id"": 104, ""clipping_base_layer_id"": null, ""clip_layer_ids"": [], ""parent_layer_ids"": []}"
M-V01,landscape,深灰车辆,"[""vehicle""]",symbol,assets/M-V01.png,"[88, 170]",[32],239,50.2,norm,,small_local_only,False,"[{""type"": ""DropShadow"", ""enabled"": true, ""active_in_saved_composite"": true, ""opacity"": 75.0, ""angle"": -149, ""distance"": 16.0, ""size"": 4.0, ""use_global_light"": true, ""blend_mode"": ""Mltp""}]",场地外围道路、停车位,源不透明度 50.2%；以目标车位尺度校准。,db2f2667abd4152b5a3105ce2023fa9ad72fdc47e31f2eef19b733138cf78ebd,100.0,True,"{""audit"": ""library/composition-audit.json"", ""source_id"": ""landscape"", ""layer_id"": 239, ""clipping_base_layer_id"": null, ""clip_layer_ids"": [], ""parent_layer_ids"": []}"
M-S01,landscape,白色喷水水花,"[""water_detail""]",symbol,assets/M-S01.png,"[70, 70]",[15],70,70.2,norm,,small_local_only,False,"[{""type"": ""DropShadow"", ""enabled"": true, ""active_in_saved_composite"": true, ""opacity"": 56.0, ""angle"": -149, ""distance"": 23.0, ""size"": 4.0, ""use_global_light"": true, ""blend_mode"": ""Mltp""}]",方案已有的浅水喷泉,仅用于明确有喷泉的水景；源不透明度 70.2%。,490daeacfb4f8da264b9303e0db89af290e29d24888ad9b802b2062a5b20d944,100.0,True,"{""audit"": ""library/composition-audit.json"", ""source_id"": ""landscape"", ""layer_id"": 70, ""clipping_base_layer_id"": null, ""clip_layer_ids"": [], ""parent_layer_ids"": []}"
M-REF01,landscape,曲线步道与草坡层次,"[""reference""]",reference,examples/M-REF01.jpg,"[1356, 1200]",,,,,,reference,False,[],现代曲线公园、建筑外场,草地双重肌理、浅色带状铺装、乔木与细线共同构成；等高线用目标资料。,4bd0088a2a8c67932688077d375146b511696b2078e082796cbea1d740fa75e2,,,
M-REF02,landscape,水景台阶与花树节点,"[""reference""]",reference,examples/M-REF02.jpg,"[1268, 1200]",,,,,,reference,False,[],重点水景、亲水平台,借鉴水岸、台阶、木平台、花树、水花与人物；是否设喷泉由目标设计决定。,f40f860fdadb29fceed8c73e0419a204214c0d53a31346db4bd76671c9d664e5,,,
M-REF03,landscape,景观边缘与背景淡化,"[""reference""]",reference,examples/M-REF03.jpg,"[746, 1200]",,,,,,reference,False,[],主体与外侧道路过渡,边缘柔化放在展示组，保留完整场地范围和主入口。,0557145c2be51fe358254fdec602e5abed462d5086e78bc9e084803ed127048e,,,
U-G01,park,城市公园细草地,"[""grass""]",texture,assets/U-G01.png,"[384, 384]",[1],12,100.0,norm,,native_pixels,False,[],活动草坪、城市口袋公园,与 U-G02 叠加形成草地层次，保持活动开敞面。,f83d295aab69a3d10e1881d4b1d350ffd294d93818bd35ffd3f481e06fdc782b,100.0,False,"{""audit"": ""library/composition-audit.json"", ""source_id"": ""park"", ""layer_id"": 12, ""clipping_base_layer_id"": null, ""clip_layer_ids"": [], ""parent_layer_ids"": []}"
U-G02,park,明暗草坪肌理,"[""grass""]",texture,assets/U-G02.png,"[384, 384]",[4],34,100.0,norm,,native_pixels,False,[],开敞草坪、林缘,源图整层覆盖；按目标草地控制明暗，不复制原草坪形状。,fdf4e0c2144369fb608687a4ab4282c7978c7393cc439523a33b715d34bb672f,65.098,False,"{""audit"": ""library/composition-audit.json"", ""source_id"": ""park"", ""layer_id"": 34, ""clipping_base_layer_id"": null, ""clip_layer_ids"": [], ""parent_layer_ids"": []}"
U-B01,park,黄绿花境肌理,"[""planting""]",texture,assets/U-B01.png,"[64, 64]",[56],54,100.0,norm,,small_local_only,False,[],步道边、花园节点,裁入目标种植带，纹理只作图面表现，不表示花卉品种。,ab8ed2e35c5b764ecbcb77ed552c4bbe7ecc689e2c4ddd7e35f4708e38ea9ab4,100.0,False,"{""audit"": ""library/composition-audit.json"", ""source_id"": ""park"", ""layer_id"": 54, ""clipping_base_layer_id"": null, ""clip_layer_ids"": [], ""parent_layer_ids"": []}"
U-B02,park,粉色混合花境肌理,"[""planting""]",texture,assets/U-B02.png,"[96, 96]",[57],55,100.0,norm,,small_local_only,False,[],入口、特色花园与观赏带,作为局部色彩层；避免和主体草地等面积使用。,6b65629d2fd758960bf236080578297ce521cc22a7dcfb6756569cd11548ae42,100.0,False,"{""audit"": ""library/composition-audit.json"", ""source_id"": ""park"", ""layer_id"": 55, ""clipping_base_layer_id"": null, ""clip_layer_ids"": [], ""parent_layer_ids"": []}"
U-B03,park,深绿地被肌理,"[""planting""]",texture,assets/U-B03.png,"[64, 64]",[58],50,100.0,norm,,small_local_only,False,[],花境背景、树下、窄种植带,小样用于局部；大面拼铺前检查接缝。,512561b515140cbc70e0763441e9f8861f23f0cce20ff2fb36785f94caeebee4,100.0,False,"{""audit"": ""library/composition-audit.json"", ""source_id"": ""park"", ""layer_id"": 50, ""clipping_base_layer_id"": null, ""clip_layer_ids"": [], ""parent_layer_ids"": []}"
U-P01,park,浅米色步道铺装,"[""paving""]",texture,assets/U-P01.png,"[128, 128]",[17],23,100.0,norm,,native_pixels,False,[],园路、入口、广场边缘,按目标路网组织方向与块材尺度。,3ba0542aa2f55d65eeef1477d76fd2f8de71244eeba3ed415cf94ca2fce775d0,45.098,False,"{""audit"": ""library/composition-audit.json"", ""source_id"": ""park"", ""layer_id"": 23, ""clipping_base_layer_id"": null, ""clip_layer_ids"": [], ""parent_layer_ids"": []}"
U-P02,park,暖灰拼石广场,"[""paving""]",texture,assets/U-P02.png,"[256, 256]",[30],159,62.0,norm,,native_pixels,False,[],活动广场、会客外场,源不透明度 62%；叠于浅暖底色，保持图案尺度统一。,03d4f96240bb029d15619fb849c87bdbc004be9c6a7d8e7573186a9a2b57d8b8,100.0,False,"{""audit"": ""library/composition-audit.json"", ""source_id"": ""park"", ""layer_id"": 159, ""clipping_base_layer_id"": null, ""clip_layer_ids"": [], ""parent_layer_ids"": []}"
U-P03,park,深灰碎石颗粒,"[""paving""]",texture,assets/U-P03.png,"[64, 64]",[14],29,100.0,over,,small_local_only,False,[],景观嵌带、排水或种植过渡带,源为叠加 100%，必须有对应底色；小样只做局部。,6c82cbe3320b91074a64895dea25ab76b119e6eda0db74b50003473bf7d176fd,32.157,False,"{""audit"": ""library/composition-audit.json"", ""source_id"": ""park"", ""layer_id"": 29, ""clipping_base_layer_id"": null, ""clip_layer_ids"": [], ""parent_layer_ids"": []}"
U-T01,park,中深绿密叶乔木,"[""tree""]",symbol,assets/U-T01.png,"[267, 262]","[69, 0]",112,100.0,norm,1,native_pixels,False,"[{""type"": ""DropShadow"", ""enabled"": true, ""active_in_saved_composite"": true, ""opacity"": 50.0, ""angle"": -133, ""distance"": 50.0, ""size"": 0.0, ""use_global_light"": true, ""blend_mode"": ""Mltp""}]",城市公园林荫、广场树阵,源树影来自图层效果，导出 PNG 不含效果；另建统一投影。,b1e5cd3daabdce60a578fc3d2063b867c63d0a2641c08e000898c115f7b876cc,70.196,True,"{""audit"": ""library/composition-audit.json"", ""source_id"": ""park"", ""layer_id"": 112, ""clipping_base_layer_id"": null, ""clip_layer_ids"": [], ""parent_layer_ids"": [165]}"
U-T02,park,黄绿密叶乔木,"[""tree""]",symbol,assets/U-T02.png,"[258, 252]","[69, 24]",125,100.0,norm,1,native_pixels,False,"[{""type"": ""DropShadow"", ""enabled"": true, ""active_in_saved_composite"": true, ""opacity"": 45.0, ""angle"": -133, ""distance"": 55.0, ""size"": 0.0, ""use_global_light"": true, ""blend_mode"": ""Mltp""}]",林缘、节点点树,与 U-T01 做深浅变化；源图是同一树冠的变体，避免重复阵列。,879d60c7881ae57c51c3058eaf42539dc3faf07b91f1e4b40a406472905d39b1,70.196,True,"{""audit"": ""library/composition-audit.json"", ""source_id"": ""park"", ""layer_id"": 125, ""clipping_base_layer_id"": null, ""clip_layer_ids"": [], ""parent_layer_ids"": [165]}"
U-T03,park,浅中绿密叶乔木,"[""tree""]",symbol,assets/U-T03.png,"[325, 318]","[69, 18]",116,100.0,norm,1,native_pixels,False,"[{""type"": ""DropShadow"", ""enabled"": true, ""active_in_saved_composite"": true, ""opacity"": 45.0, ""angle"": -133, ""distance"": 55.0, ""size"": 0.0, ""use_global_light"": true, ""blend_mode"": ""Mltp""}]",草坪树组、广场边缘,源树影不在 PNG 中；与其他冠形搭配减少同形重复。,cb1832cda20b6445b4443bdc31b3baaed137c91627c790de6d9984c5e4dcd9f5,74.118,True,"{""audit"": ""library/composition-audit.json"", ""source_id"": ""park"", ""layer_id"": 116, ""clipping_base_layer_id"": null, ""clip_layer_ids"": [], ""parent_layer_ids"": [165]}"
U-T04,park,浅绿行道树冠,"[""tree""]",symbol,assets/U-T04.png,"[174, 179]","[68, 0]",86,100.0,norm,1,native_pixels,False,"[{""type"": ""DropShadow"", ""enabled"": true, ""active_in_saved_composite"": true, ""opacity"": 50.0, ""angle"": -133, ""distance"": 43.0, ""size"": 0.0, ""use_global_light"": true, ""blend_mode"": ""Mltp""}]",场地边缘、道路林带,保留较低对比度，按目标行道树间距排布。,db90ea6515b7d431341a698227db48e6961d59d2151d018b1ff69bb8ab470db1,58.824,True,"{""audit"": ""library/composition-audit.json"", ""source_id"": ""park"", ""layer_id"": 86, ""clipping_base_layer_id"": null, ""clip_layer_ids"": [], ""parent_layer_ids"": [168]}"
U-H01,park,草地休憩人物组,"[""person""]",symbol,assets/U-H01.png,"[70, 55]","[59, 0]",359,100.0,norm,,small_local_only,False,[],允许停留的开敞草坪,采用源休憩姿态；不得放到车道或水面。,8c0beee6c4e465d4cc83aa24cdf1c52b87c9b45293e3596ac7841981868fca09,100.0,False,"{""audit"": ""library/composition-audit.json"", ""source_id"": ""park"", ""layer_id"": 359, ""clipping_base_layer_id"": null, ""clip_layer_ids"": [], ""parent_layer_ids"": [269]}"
U-H02,park,草地坐姿人物,"[""person""]",symbol,assets/U-H02.png,"[51, 37]","[59, 1]",360,100.0,norm,,small_local_only,False,[],休息草坪、野餐区,51×37 px，仅作小比例尺活动提示。,127f969165a0bee9edbd1edde017a5dfbaf46d6edd91114221fb2351cd6e51c6,100.0,False,"{""audit"": ""library/composition-audit.json"", ""source_id"": ""park"", ""layer_id"": 360, ""clipping_base_layer_id"": null, ""clip_layer_ids"": [], ""parent_layer_ids"": [269]}"
U-H03,park,步行人物组,"[""person""]",symbol,assets/U-H03.png,"[62, 44]","[59, 27]",334,100.0,norm,,small_local_only,False,[],广场与步道,以目标尺度控制密度，避免挡住边界与标注。,5dd1566006bbac1d7419d19f44bcad8dfef319805ac72217f7ef06ae2f829708,100.0,False,"{""audit"": ""library/composition-audit.json"", ""source_id"": ""park"", ""layer_id"": 334, ""clipping_base_layer_id"": null, ""clip_layer_ids"": [], ""parent_layer_ids"": [269]}"
U-F01,park,户外桌椅组,"[""furniture""]",symbol,assets/U-F01.png,"[58, 55]",[44],295,100.0,norm,,small_local_only,False,"[{""type"": ""DropShadow"", ""enabled"": true, ""active_in_saved_composite"": true, ""opacity"": 53.0, ""angle"": -133, ""distance"": 5.0, ""size"": 0.0, ""use_global_light"": true, ""blend_mode"": ""Mltp""}]",广场外摆、休闲庭院,在明确允许停留的位置使用；保留主通道。,5961786b4b1d4a4ebc7848a4aa39d42020f9c81dd3eac0aad1ba7185d3566db7,100.0,True,"{""audit"": ""library/composition-audit.json"", ""source_id"": ""park"", ""layer_id"": 295, ""clipping_base_layer_id"": null, ""clip_layer_ids"": [], ""parent_layer_ids"": []}"
U-F02,park,长条公园坐凳,"[""furniture""]",symbol,assets/U-F02.png,"[102, 27]",[43],66,100.0,norm,,small_local_only,False,"[{""type"": ""DropShadow"", ""enabled"": true, ""active_in_saved_composite"": true, ""opacity"": 72.0, ""angle"": -133, ""distance"": 6.0, ""size"": 0.0, ""use_global_light"": true, ""blend_mode"": ""Mltp""}]",园路边、林荫广场、休憩节点,沿目标停留界面布置；只有约 90×15 px 的本体，避免放大。,4c1eefff346997ebdb681494be9c1d72cb2fd2d3eb764169e6b015a8a4eff9eb,100.0,True,"{""audit"": ""library/composition-audit.json"", ""source_id"": ""park"", ""layer_id"": 66, ""clipping_base_layer_id"": null, ""clip_layer_ids"": [], ""parent_layer_ids"": []}"
U-V01,park,公园接驳车辆,"[""vehicle""]",symbol,assets/U-V01.png,"[272, 75]","[69, 4]",356,100.0,norm,,small_local_only,False,"[{""type"": ""DropShadow"", ""enabled"": true, ""active_in_saved_composite"": true, ""opacity"": 50.0, ""angle"": -133, ""distance"": 18.0, ""size"": 0.0, ""use_global_light"": true, ""blend_mode"": ""Mltp""}]",有接驳车功能的车行空间,从车身独立层提取，不包含源项目车身文字；按目标道路尺度使用。,7af9a87e62a2c8e713c100530e5bd6678dfdb9b4d5cc1b6f69133a2f257659d1,80.0,True,"{""audit"": ""library/composition-audit.json"", ""source_id"": ""park"", ""layer_id"": 356, ""clipping_base_layer_id"": null, ""clip_layer_ids"": [], ""parent_layer_ids"": [165]}"
U-REF01,park,林荫入口与集散空间,"[""reference""]",reference,examples/U-REF01.jpg,"[1310, 800]",,,,,,reference,False,[],城市公园入口、林荫广场,借鉴铺地、密叶乔木、统一树影、坐席与人群关系。,df47c258965eb7a4c47f4418097eb792c94683e4dcb82b1f95a840c637721fa4,,,
U-REF02,park,活动广场与台阶绿带,"[""reference""]",reference,examples/U-REF02.jpg,"[1154, 1200]",,,,,,reference,False,[],城市广场、活动公园,重点硬地保持开敞，桌椅沿停留带布置；台阶线随目标几何。,f8afdff51063b42552179399eed69442dee395a6c5809554ff7e0407b800b4a2,,,
U-REF03,park,开放草坪与木平台,"[""reference""]",reference,examples/U-REF03.jpg,"[970, 1180]",,,,,,reference,False,[],可停留草坪、线性公园,疏密草纹、边缘树群、木平台和活动人物构成丰富度。,1ce15cd6840e02aeb878746b45b7056fe719e1c1e87cc6a8bac21546ce656d0d,,,
U-REF04,park,特色花境与休憩路径,"[""reference""]",reference,examples/U-REF04.jpg,"[527, 1200]",,,,,,reference,False,[],观赏花园、窄地节点,花境以色块层次配合路径，植物边缘和地面明暗分层。,a0ce09ffa630e5f8fc0fd0dfc90ae0e53a02b032eb620d9c0b9c796b22c52765,,,
