source_id,index,layer_id,name,path,kind,visible,effective_visible,opacity,blend_mode,bbox,group,has_mask,has_pixels,usage_status,asset_ids,semantic_name,source_sha256
rural,[0],1,背景,/背景,pixel,True,True,255,norm,"[0, 0, 4134, 2633]",False,False,True,source_only,[],,1b24094c37e8913a1751dd9df39555f7514fac5b9cdc5285eb1c269278986766
rural,[1],44,绿色,/绿色,group,True,True,255,pass,"[0, 0, 4134, 2633]",True,False,False,source_only,[],,1b24094c37e8913a1751dd9df39555f7514fac5b9cdc5285eb1c269278986766
rural,"[1, 0]",68,水域2,/绿色/水域2,pixel,True,True,255,norm,"[1364, 0, 3681, 1984]",False,False,True,source_only,[],,1b24094c37e8913a1751dd9df39555f7514fac5b9cdc5285eb1c269278986766
rural,"[1, 1]",532,Layer 5,/绿色/Layer 5,pixel,True,True,77,sLit,"[0, 0, 4134, 2633]",False,False,True,extracted,"[""P-W01""]",自然水波纹理,1b24094c37e8913a1751dd9df39555f7514fac5b9cdc5285eb1c269278986766
rural,"[1, 2]",57,水域,/绿色/水域,pixel,True,True,255,norm,"[2101, 370, 3280, 1641]",False,False,True,source_only,[],,1b24094c37e8913a1751dd9df39555f7514fac5b9cdc5285eb1c269278986766
rural,"[1, 3]",35,梯田一,/绿色/梯田一,pixel,True,True,255,norm,"[0, 402, 1442, 1811]",False,False,True,source_only,[],,1b24094c37e8913a1751dd9df39555f7514fac5b9cdc5285eb1c269278986766
rural,"[1, 4]",43,图层 1 副本 6,/绿色/图层 1 副本 6,pixel,True,True,255,norm,"[0, 99, 1818, 2068]",False,True,True,extracted,"[""P-G02""]",柔化自然植被肌理,1b24094c37e8913a1751dd9df39555f7514fac5b9cdc5285eb1c269278986766
rural,"[1, 5]",32,草地五,/绿色/草地五,pixel,True,True,255,norm,"[0, 0, 3470, 1172]",False,False,True,source_only,[],,1b24094c37e8913a1751dd9df39555f7514fac5b9cdc5285eb1c269278986766
rural,"[1, 6]",34,图层 1 副本 18,/绿色/图层 1 副本 18,pixel,True,True,255,norm,"[0, 0, 4134, 2633]",False,True,True,extracted,"[""P-G01""]",橄榄绿草地肌理,1b24094c37e8913a1751dd9df39555f7514fac5b9cdc5285eb1c269278986766
rural,"[1, 7]",30,草地四,/绿色/草地四,pixel,True,True,255,norm,"[1488, 235, 3122, 1768]",False,False,True,source_only,[],,1b24094c37e8913a1751dd9df39555f7514fac5b9cdc5285eb1c269278986766
rural,"[1, 8]",31,图层 1 副本 16,/绿色/图层 1 副本 16,pixel,True,True,255,norm,"[0, 37, 3854, 2633]",False,True,True,source_only,[],,1b24094c37e8913a1751dd9df39555f7514fac5b9cdc5285eb1c269278986766
rural,"[1, 9]",27,草地三,/绿色/草地三,pixel,True,True,255,norm,"[0, 621, 1787, 2543]",False,False,True,source_only,[],,1b24094c37e8913a1751dd9df39555f7514fac5b9cdc5285eb1c269278986766
rural,"[1, 10]",28,图层 1 副本 15,/绿色/图层 1 副本 15,pixel,True,True,255,norm,"[0, 0, 2420, 2633]",False,True,True,source_only,[],,1b24094c37e8913a1751dd9df39555f7514fac5b9cdc5285eb1c269278986766
rural,"[1, 11]",25,草地二,/绿色/草地二,pixel,True,True,255,norm,"[0, 2215, 1649, 2633]",False,False,True,source_only,[],,1b24094c37e8913a1751dd9df39555f7514fac5b9cdc5285eb1c269278986766
rural,"[1, 12]",26,图层 1 副本 14,/绿色/图层 1 副本 14,pixel,True,True,255,norm,"[0, 0, 4134, 2633]",False,True,True,source_only,[],,1b24094c37e8913a1751dd9df39555f7514fac5b9cdc5285eb1c269278986766
rural,"[1, 13]",5,草地一,/绿色/草地一,pixel,True,True,255,norm,"[1561, 0, 4134, 2633]",False,False,True,source_only,[],,1b24094c37e8913a1751dd9df39555f7514fac5b9cdc5285eb1c269278986766
rural,"[1, 14]",22,图层 1 副本 13,/绿色/图层 1 副本 13,pixel,True,True,255,norm,"[0, 0, 4134, 2633]",False,True,True,source_only,[],,1b24094c37e8913a1751dd9df39555f7514fac5b9cdc5285eb1c269278986766
rural,[2],49,地面,/地面,group,True,True,255,pass,"[0, 0, 3580, 2633]",True,False,False,source_only,[],,1b24094c37e8913a1751dd9df39555f7514fac5b9cdc5285eb1c269278986766
rural,"[2, 0]",62,黄色地面,/地面/黄色地面,pixel,True,True,255,norm,"[401, 1773, 2770, 2493]",False,False,True,source_only,[],,1b24094c37e8913a1751dd9df39555f7514fac5b9cdc5285eb1c269278986766
rural,"[2, 1]",64,混凝土 (6) 副本,/地面/混凝土 (6) 副本,pixel,True,True,255,norm,"[244, 1531, 2863, 2608]",False,False,True,extracted,"[""P-P02""]",斑驳浅褐铺地,1b24094c37e8913a1751dd9df39555f7514fac5b9cdc5285eb1c269278986766
rural,"[2, 2]",71,本土地面,/地面/本土地面,pixel,True,True,255,norm,"[1940, 718, 2843, 1803]",False,False,True,source_only,[],,1b24094c37e8913a1751dd9df39555f7514fac5b9cdc5285eb1c269278986766
rural,"[2, 3]",72,混凝土 (15),/地面/混凝土 (15),pixel,True,True,255,norm,"[859, 254, 3275, 2268]",False,True,True,extracted,"[""P-P01""]",暖土褐地面,1b24094c37e8913a1751dd9df39555f7514fac5b9cdc5285eb1c269278986766
rural,"[2, 4]",73,商业街,/地面/商业街,pixel,True,True,255,norm,"[1827, 1076, 2800, 1932]",False,False,True,source_only,[],,1b24094c37e8913a1751dd9df39555f7514fac5b9cdc5285eb1c269278986766
rural,"[2, 5]",74,混凝土 (14),/地面/混凝土 (14),pixel,True,True,179,norm,"[1441, 999, 2839, 2397]",False,True,True,extracted,"[""P-P03""]",冷灰细颗粒铺地,1b24094c37e8913a1751dd9df39555f7514fac5b9cdc5285eb1c269278986766
rural,"[2, 6]",131,道路2,/地面/道路2,pixel,True,True,255,norm,"[1364, 0, 3580, 2533]",False,False,True,source_only,[],,1b24094c37e8913a1751dd9df39555f7514fac5b9cdc5285eb1c269278986766
rural,"[2, 7]",192,混凝土 (17) 副本 2,/地面/混凝土 (17) 副本 2,pixel,True,True,255,diff,"[1235, 0, 3854, 2365]",False,False,True,source_only,[],,1b24094c37e8913a1751dd9df39555f7514fac5b9cdc5285eb1c269278986766
rural,"[2, 8]",161,木地板,/地面/木地板,pixel,True,True,255,norm,"[1701, 82, 2928, 989]",False,False,True,source_only,[],,1b24094c37e8913a1751dd9df39555f7514fac5b9cdc5285eb1c269278986766
rural,"[2, 9]",164,木纹 (3) 副本,/地面/木纹 (3) 副本,pixel,True,True,255,norm,"[1342, 0, 3594, 1333]",False,False,True,extracted,"[""P-D02""]",浅金木板纹理,1b24094c37e8913a1751dd9df39555f7514fac5b9cdc5285eb1c269278986766
rural,"[2, 10]",165,道路三,/地面/道路三,pixel,True,True,255,norm,"[1654, 119, 3580, 2533]",False,False,True,source_only,[],,1b24094c37e8913a1751dd9df39555f7514fac5b9cdc5285eb1c269278986766
rural,"[2, 11]",167,混凝土 (17),/地面/混凝土 (17),pixel,True,True,255,norm,"[1286, 3, 3905, 2475]",False,False,True,extracted,"[""P-P04""]",中灰混凝土肌理,1b24094c37e8913a1751dd9df39555f7514fac5b9cdc5285eb1c269278986766
rural,"[2, 12]",55,图层 2,/地面/图层 2,pixel,True,True,255,norm,"[0, 0, 3488, 2633]",False,False,True,source_only,[],,1b24094c37e8913a1751dd9df39555f7514fac5b9cdc5285eb1c269278986766
rural,"[2, 13]",60,混凝土 (17) 副本,/地面/混凝土 (17) 副本,pixel,True,True,255,norm,"[0, 0, 4134, 2633]",False,False,True,source_only,[],,1b24094c37e8913a1751dd9df39555f7514fac5b9cdc5285eb1c269278986766
rural,[3],23,卫星,/卫星,pixel,True,True,153,over,"[0, 0, 4134, 2633]",False,True,True,source_only,[],,1b24094c37e8913a1751dd9df39555f7514fac5b9cdc5285eb1c269278986766
rural,[4],126,卫星 副本,/卫星 副本,pixel,True,True,77,over,"[0, 0, 4134, 2633]",False,True,True,source_only,[],,1b24094c37e8913a1751dd9df39555f7514fac5b9cdc5285eb1c269278986766
rural,[5],198,图层 5,/图层 5,pixel,True,True,255,over,"[0, 0, 4134, 2633]",False,True,True,source_only,[],,1b24094c37e8913a1751dd9df39555f7514fac5b9cdc5285eb1c269278986766
rural,[6],4,总平面材质,/总平面材质,pixel,True,True,255,norm,"[337, 42, 3512, 2562]",False,False,True,source_only,[],,1b24094c37e8913a1751dd9df39555f7514fac5b9cdc5285eb1c269278986766
rural,[7],183,Layer 30 副本 4,/Layer 30 副本 4,pixel,True,True,179,norm,"[0, 0, 4134, 2626]",False,False,True,source_only,[],,1b24094c37e8913a1751dd9df39555f7514fac5b9cdc5285eb1c269278986766
rural,[8],177,滤镜,/滤镜,group,True,True,255,pass,"[0, 0, 0, 0]",True,False,False,source_only,[],,1b24094c37e8913a1751dd9df39555f7514fac5b9cdc5285eb1c269278986766
rural,"[8, 0]",173,色彩平衡 1,/滤镜/色彩平衡 1,colorbalance,True,True,51,norm,"[0, 0, 0, 0]",False,True,False,source_only,[],,1b24094c37e8913a1751dd9df39555f7514fac5b9cdc5285eb1c269278986766
rural,"[8, 1]",174,照片滤镜 1,/滤镜/照片滤镜 1,photofilter,True,True,255,norm,"[0, 0, 0, 0]",False,True,False,source_only,[],,1b24094c37e8913a1751dd9df39555f7514fac5b9cdc5285eb1c269278986766
rural,"[8, 2]",175,色阶 1,/滤镜/色阶 1,levels,True,True,255,norm,"[0, 0, 0, 0]",False,True,False,source_only,[],,1b24094c37e8913a1751dd9df39555f7514fac5b9cdc5285eb1c269278986766
rural,"[8, 3]",176,自然饱和度 1,/滤镜/自然饱和度 1,vibrance,True,True,204,norm,"[0, 0, 0, 0]",False,True,False,source_only,[],,1b24094c37e8913a1751dd9df39555f7514fac5b9cdc5285eb1c269278986766
rural,"[8, 4]",535,亮度/对比度 1,/滤镜/亮度/对比度 1,brightnesscontrast,True,True,255,norm,"[0, 0, 0, 0]",False,True,False,source_only,[],,1b24094c37e8913a1751dd9df39555f7514fac5b9cdc5285eb1c269278986766
rural,[9],184,叠加效果,/叠加效果,group,True,True,255,pass,"[0, 0, 4134, 2633]",True,False,False,source_only,[],,1b24094c37e8913a1751dd9df39555f7514fac5b9cdc5285eb1c269278986766
rural,"[9, 0]",186,图层 4,/叠加效果/图层 4,pixel,True,True,51,hue ,"[0, 0, 4134, 2633]",False,True,True,source_only,[],,1b24094c37e8913a1751dd9df39555f7514fac5b9cdc5285eb1c269278986766
rural,[10],180,Layer 30 副本,/Layer 30 副本,pixel,True,True,26,over,"[0, 0, 4134, 2632]",False,False,True,source_only,[],,1b24094c37e8913a1751dd9df39555f7514fac5b9cdc5285eb1c269278986766
rural,[11],143,云 ,/云 ,pixel,True,True,255,norm,"[0, 0, 4134, 2633]",False,False,True,source_only,[],,1b24094c37e8913a1751dd9df39555f7514fac5b9cdc5285eb1c269278986766
rural,[12],536,云  拷贝,/云  拷贝,pixel,True,True,51,norm,"[0, 0, 4134, 2633]",False,False,True,source_only,[],,1b24094c37e8913a1751dd9df39555f7514fac5b9cdc5285eb1c269278986766
rural,[13],179,梯田阴影,/梯田阴影,pixel,True,True,166,mul ,"[0, 0, 4134, 2633]",False,False,True,source_only,[],,1b24094c37e8913a1751dd9df39555f7514fac5b9cdc5285eb1c269278986766
rural,[14],416,木栈道2,/木栈道2,pixel,True,True,255,norm,"[2594, 235, 3125, 1780]",False,False,True,source_only,[],,1b24094c37e8913a1751dd9df39555f7514fac5b9cdc5285eb1c269278986766
rural,[15],418,木材 (13) 副本,/木材 (13) 副本,pixel,True,True,255,norm,"[2227, 223, 3248, 1866]",False,True,True,extracted,"[""P-D01""]",自然木纹,1b24094c37e8913a1751dd9df39555f7514fac5b9cdc5285eb1c269278986766
rural,[16],47,树,/树,group,True,True,255,pass,"[44, 13, 4133, 2633]",True,False,False,source_only,[],,1b24094c37e8913a1751dd9df39555f7514fac5b9cdc5285eb1c269278986766
rural,"[16, 0]",87,图层 3,/树/图层 3,pixel,True,True,255,norm,"[1304, 1652, 2900, 2633]",False,False,True,extracted,"[""P-T02"", ""P-T03"", ""P-T04""]",低饱和自然树冠 1 / 低饱和自然树冠 2 / 低饱和自然树冠 3,1b24094c37e8913a1751dd9df39555f7514fac5b9cdc5285eb1c269278986766
rural,"[16, 1]",224,图层 13 拷贝 6 副本 2,/树/图层 13 拷贝 6 副本 2,pixel,True,True,255,norm,"[2493, 1516, 2520, 1547]",False,False,True,source_only,[],,1b24094c37e8913a1751dd9df39555f7514fac5b9cdc5285eb1c269278986766
rural,"[16, 2]",225,图层 13 拷贝 6 副本 3,/树/图层 13 拷贝 6 副本 3,pixel,True,True,255,norm,"[2519, 1493, 2545, 1524]",False,False,True,source_only,[],,1b24094c37e8913a1751dd9df39555f7514fac5b9cdc5285eb1c269278986766
rural,"[16, 3]",228,图层 13 拷贝 6 副本 6,/树/图层 13 拷贝 6 副本 6,pixel,True,True,255,norm,"[2378, 1262, 2405, 1293]",False,False,True,source_only,[],,1b24094c37e8913a1751dd9df39555f7514fac5b9cdc5285eb1c269278986766
rural,"[16, 4]",302,图层 13 拷贝 6 副本 79,/树/图层 13 拷贝 6 副本 79,pixel,True,True,255,norm,"[2331, 1220, 2369, 1263]",False,False,True,source_only,[],,1b24094c37e8913a1751dd9df39555f7514fac5b9cdc5285eb1c269278986766
rural,"[16, 5]",303,图层 13 拷贝 6 副本 80,/树/图层 13 拷贝 6 副本 80,pixel,True,True,255,norm,"[2341, 1271, 2379, 1315]",False,False,True,source_only,[],,1b24094c37e8913a1751dd9df39555f7514fac5b9cdc5285eb1c269278986766
rural,"[16, 6]",304,图层 13 拷贝 6 副本 81,/树/图层 13 拷贝 6 副本 81,pixel,True,True,255,norm,"[2677, 1039, 2715, 1082]",False,False,True,source_only,[],,1b24094c37e8913a1751dd9df39555f7514fac5b9cdc5285eb1c269278986766
rural,"[16, 7]",305,图层 13 拷贝 6 副本 82,/树/图层 13 拷贝 6 副本 82,pixel,True,True,255,norm,"[2669, 979, 2722, 1040]",False,False,True,source_only,[],,1b24094c37e8913a1751dd9df39555f7514fac5b9cdc5285eb1c269278986766
rural,"[16, 8]",306,图层 13 拷贝 6 副本 83,/树/图层 13 拷贝 6 副本 83,pixel,True,True,255,norm,"[3054, 658, 3106, 719]",False,False,True,source_only,[],,1b24094c37e8913a1751dd9df39555f7514fac5b9cdc5285eb1c269278986766
rural,"[16, 9]",226,图层 13 拷贝 6 副本 4,/树/图层 13 拷贝 6 副本 4,pixel,True,True,255,norm,"[2406, 1382, 2433, 1413]",False,False,True,source_only,[],,1b24094c37e8913a1751dd9df39555f7514fac5b9cdc5285eb1c269278986766
rural,"[16, 10]",227,图层 13 拷贝 6 副本 5,/树/图层 13 拷贝 6 副本 5,pixel,True,True,255,norm,"[2442, 1426, 2469, 1457]",False,False,True,source_only,[],,1b24094c37e8913a1751dd9df39555f7514fac5b9cdc5285eb1c269278986766
rural,"[16, 11]",223,图层 13 拷贝 6 副本,/树/图层 13 拷贝 6 副本,pixel,True,True,255,norm,"[2455, 1511, 2507, 1572]",False,False,True,source_only,[],,1b24094c37e8913a1751dd9df39555f7514fac5b9cdc5285eb1c269278986766
rural,"[16, 12]",229,图层 13 拷贝 6 副本 7,/树/图层 13 拷贝 6 副本 7,pixel,True,True,255,norm,"[2355, 1323, 2407, 1383]",False,False,True,source_only,[],,1b24094c37e8913a1751dd9df39555f7514fac5b9cdc5285eb1c269278986766
rural,"[16, 13]",230,图层 13 拷贝 6 副本 8,/树/图层 13 拷贝 6 副本 8,pixel,True,True,255,norm,"[2164, 1099, 2216, 1159]",False,False,True,source_only,[],,1b24094c37e8913a1751dd9df39555f7514fac5b9cdc5285eb1c269278986766
rural,"[16, 14]",232,图层 13 拷贝 6 副本 10,/树/图层 13 拷贝 6 副本 10,pixel,True,True,255,norm,"[2042, 1076, 2075, 1114]",False,False,True,source_only,[],,1b24094c37e8913a1751dd9df39555f7514fac5b9cdc5285eb1c269278986766
rural,"[16, 15]",233,图层 13 拷贝 6 副本 11,/树/图层 13 拷贝 6 副本 11,pixel,True,True,150,norm,"[1969, 1274, 2002, 1312]",False,False,True,source_only,[],,1b24094c37e8913a1751dd9df39555f7514fac5b9cdc5285eb1c269278986766
rural,"[16, 16]",234,图层 13 拷贝 6 副本 12,/树/图层 13 拷贝 6 副本 12,pixel,True,True,189,norm,"[1984, 1106, 2018, 1145]",False,False,True,source_only,[],,1b24094c37e8913a1751dd9df39555f7514fac5b9cdc5285eb1c269278986766
rural,"[16, 17]",235,图层 13 拷贝 6 副本 13,/树/图层 13 拷贝 6 副本 13,pixel,True,True,189,norm,"[2329, 1111, 2362, 1149]",False,False,True,source_only,[],,1b24094c37e8913a1751dd9df39555f7514fac5b9cdc5285eb1c269278986766
rural,"[16, 18]",236,图层 13 拷贝 6 副本 14,/树/图层 13 拷贝 6 副本 14,pixel,True,True,189,norm,"[2288, 1091, 2321, 1130]",False,False,True,source_only,[],,1b24094c37e8913a1751dd9df39555f7514fac5b9cdc5285eb1c269278986766
rural,"[16, 19]",238,图层 13 拷贝 6 副本 16,/树/图层 13 拷贝 6 副本 16,pixel,True,True,212,norm,"[2000, 1682, 2025, 1712]",False,False,True,source_only,[],,1b24094c37e8913a1751dd9df39555f7514fac5b9cdc5285eb1c269278986766
rural,"[16, 20]",239,图层 13 拷贝 6 副本 17,/树/图层 13 拷贝 6 副本 17,pixel,True,True,212,norm,"[2338, 1171, 2362, 1202]",False,False,True,source_only,[],,1b24094c37e8913a1751dd9df39555f7514fac5b9cdc5285eb1c269278986766
rural,"[16, 21]",242,图层 13 拷贝 6 副本 20,/树/图层 13 拷贝 6 副本 20,pixel,True,True,212,norm,"[2349, 1081, 2374, 1112]",False,False,True,source_only,[],,1b24094c37e8913a1751dd9df39555f7514fac5b9cdc5285eb1c269278986766
rural,"[16, 22]",243,图层 13 拷贝 6 副本 21,/树/图层 13 拷贝 6 副本 21,pixel,True,True,212,norm,"[2403, 800, 2456, 867]",False,False,True,source_only,[],,1b24094c37e8913a1751dd9df39555f7514fac5b9cdc5285eb1c269278986766
rural,"[16, 23]",244,图层 13 拷贝 6 副本 22,/树/图层 13 拷贝 6 副本 22,pixel,True,True,212,norm,"[2744, 800, 2797, 867]",False,False,True,source_only,[],,1b24094c37e8913a1751dd9df39555f7514fac5b9cdc5285eb1c269278986766
rural,"[16, 24]",245,图层 13 拷贝 6 副本 23,/树/图层 13 拷贝 6 副本 23,pixel,True,True,212,norm,"[2847, 254, 2900, 321]",False,False,True,source_only,[],,1b24094c37e8913a1751dd9df39555f7514fac5b9cdc5285eb1c269278986766
rural,"[16, 25]",246,图层 13 拷贝 6 副本 24,/树/图层 13 拷贝 6 副本 24,pixel,True,True,212,norm,"[2691, 169, 2745, 236]",False,False,True,source_only,[],,1b24094c37e8913a1751dd9df39555f7514fac5b9cdc5285eb1c269278986766
rural,"[16, 26]",247,图层 13 拷贝 6 副本 25,/树/图层 13 拷贝 6 副本 25,pixel,True,True,212,norm,"[2731, 153, 2758, 186]",False,False,True,source_only,[],,1b24094c37e8913a1751dd9df39555f7514fac5b9cdc5285eb1c269278986766
rural,"[16, 27]",248,图层 13 拷贝 6 副本 26,/树/图层 13 拷贝 6 副本 26,pixel,True,True,212,norm,"[2849, 102, 2876, 136]",False,False,True,source_only,[],,1b24094c37e8913a1751dd9df39555f7514fac5b9cdc5285eb1c269278986766
rural,"[16, 28]",249,图层 13 拷贝 6 副本 27,/树/图层 13 拷贝 6 副本 27,pixel,True,True,212,norm,"[2609, 207, 2636, 241]",False,False,True,source_only,[],,1b24094c37e8913a1751dd9df39555f7514fac5b9cdc5285eb1c269278986766
rural,"[16, 29]",250,图层 13 拷贝 6 副本 28,/树/图层 13 拷贝 6 副本 28,pixel,True,True,212,norm,"[2731, 416, 2758, 450]",False,False,True,source_only,[],,1b24094c37e8913a1751dd9df39555f7514fac5b9cdc5285eb1c269278986766
rural,"[16, 30]",251,图层 13 拷贝 6 副本 29,/树/图层 13 拷贝 6 副本 29,pixel,True,True,212,norm,"[2429, 2037, 2455, 2070]",False,False,True,source_only,[],,1b24094c37e8913a1751dd9df39555f7514fac5b9cdc5285eb1c269278986766
rural,"[16, 31]",252,图层 13 拷贝 6 副本 30,/树/图层 13 拷贝 6 副本 30,pixel,True,True,212,norm,"[2471, 2082, 2498, 2115]",False,False,True,source_only,[],,1b24094c37e8913a1751dd9df39555f7514fac5b9cdc5285eb1c269278986766
rural,"[16, 32]",253,图层 13 拷贝 6 副本 31,/树/图层 13 拷贝 6 副本 31,pixel,True,True,212,norm,"[2544, 2133, 2571, 2167]",False,False,True,source_only,[],,1b24094c37e8913a1751dd9df39555f7514fac5b9cdc5285eb1c269278986766
rural,"[16, 33]",240,图层 13 拷贝 6 副本 18,/树/图层 13 拷贝 6 副本 18,pixel,True,True,212,norm,"[2349, 1201, 2374, 1231]",False,False,True,source_only,[],,1b24094c37e8913a1751dd9df39555f7514fac5b9cdc5285eb1c269278986766
rural,"[16, 34]",241,图层 13 拷贝 6 副本 19,/树/图层 13 拷贝 6 副本 19,pixel,True,True,212,norm,"[2366, 1230, 2390, 1260]",False,False,True,source_only,[],,1b24094c37e8913a1751dd9df39555f7514fac5b9cdc5285eb1c269278986766
rural,"[16, 35]",237,图层 13 拷贝 6 副本 15,/树/图层 13 拷贝 6 副本 15,pixel,True,True,212,norm,"[2032, 1679, 2065, 1717]",False,False,True,source_only,[],,1b24094c37e8913a1751dd9df39555f7514fac5b9cdc5285eb1c269278986766
rural,"[16, 36]",254,图层 13 拷贝 6 副本 32,/树/图层 13 拷贝 6 副本 32,pixel,True,True,212,norm,"[2529, 2018, 2562, 2057]",False,False,True,source_only,[],,1b24094c37e8913a1751dd9df39555f7514fac5b9cdc5285eb1c269278986766
rural,"[16, 37]",255,图层 13 拷贝 6 副本 33,/树/图层 13 拷贝 6 副本 33,pixel,True,True,212,norm,"[2920, 1697, 2954, 1736]",False,False,True,source_only,[],,1b24094c37e8913a1751dd9df39555f7514fac5b9cdc5285eb1c269278986766
rural,"[16, 38]",256,图层 13 拷贝 6 副本 34,/树/图层 13 拷贝 6 副本 34,pixel,True,True,212,norm,"[2867, 1630, 2900, 1668]",False,False,True,source_only,[],,1b24094c37e8913a1751dd9df39555f7514fac5b9cdc5285eb1c269278986766
rural,"[16, 39]",257,图层 13 拷贝 6 副本 35,/树/图层 13 拷贝 6 副本 35,pixel,True,True,212,norm,"[2867, 1792, 2900, 1830]",False,False,True,source_only,[],,1b24094c37e8913a1751dd9df39555f7514fac5b9cdc5285eb1c269278986766
rural,"[16, 40]",258,图层 13 拷贝 6 副本 36,/树/图层 13 拷贝 6 副本 36,pixel,True,True,212,norm,"[1719, 2056, 1752, 2094]",False,False,True,source_only,[],,1b24094c37e8913a1751dd9df39555f7514fac5b9cdc5285eb1c269278986766
rural,"[16, 41]",260,图层 13 拷贝 6 副本 38,/树/图层 13 拷贝 6 副本 38,pixel,True,True,212,norm,"[893, 2377, 926, 2416]",False,False,True,source_only,[],,1b24094c37e8913a1751dd9df39555f7514fac5b9cdc5285eb1c269278986766
rural,"[16, 42]",261,图层 13 拷贝 6 副本 39,/树/图层 13 拷贝 6 副本 39,pixel,True,True,212,norm,"[988, 2387, 1021, 2425]",False,False,True,source_only,[],,1b24094c37e8913a1751dd9df39555f7514fac5b9cdc5285eb1c269278986766
rural,"[16, 43]",262,图层 13 拷贝 6 副本 40,/树/图层 13 拷贝 6 副本 40,pixel,True,True,212,norm,"[2558, 2595, 2591, 2633]",False,False,True,source_only,[],,1b24094c37e8913a1751dd9df39555f7514fac5b9cdc5285eb1c269278986766
rural,"[16, 44]",263,图层 13 拷贝 6 副本 41,/树/图层 13 拷贝 6 副本 41,pixel,True,True,212,norm,"[2635, 2593, 2669, 2632]",False,False,True,source_only,[],,1b24094c37e8913a1751dd9df39555f7514fac5b9cdc5285eb1c269278986766
rural,"[16, 45]",264,图层 13 拷贝 6 副本 42,/树/图层 13 拷贝 6 副本 42,pixel,True,True,212,norm,"[2973, 2455, 3006, 2493]",False,False,True,source_only,[],,1b24094c37e8913a1751dd9df39555f7514fac5b9cdc5285eb1c269278986766
rural,"[16, 46]",265,图层 13 拷贝 6 副本 43,/树/图层 13 拷贝 6 副本 43,pixel,True,True,212,norm,"[3039, 2436, 3073, 2474]",False,False,True,source_only,[],,1b24094c37e8913a1751dd9df39555f7514fac5b9cdc5285eb1c269278986766
rural,"[16, 47]",266,图层 13 拷贝 6 副本 44,/树/图层 13 拷贝 6 副本 44,pixel,True,True,212,norm,"[3089, 2377, 3122, 2415]",False,False,True,source_only,[],,1b24094c37e8913a1751dd9df39555f7514fac5b9cdc5285eb1c269278986766
rural,"[16, 48]",267,图层 13 拷贝 6 副本 45,/树/图层 13 拷贝 6 副本 45,pixel,True,True,212,norm,"[3521, 1912, 3555, 1950]",False,False,True,source_only,[],,1b24094c37e8913a1751dd9df39555f7514fac5b9cdc5285eb1c269278986766
rural,"[16, 49]",268,图层 13 拷贝 6 副本 46,/树/图层 13 拷贝 6 副本 46,pixel,True,True,212,norm,"[3487, 1853, 3520, 1892]",False,False,True,source_only,[],,1b24094c37e8913a1751dd9df39555f7514fac5b9cdc5285eb1c269278986766
rural,"[16, 50]",269,图层 13 拷贝 6 副本 47,/树/图层 13 拷贝 6 副本 47,pixel,True,True,212,norm,"[3414, 1782, 3447, 1821]",False,False,True,source_only,[],,1b24094c37e8913a1751dd9df39555f7514fac5b9cdc5285eb1c269278986766
rural,"[16, 51]",270,图层 13 拷贝 6 副本 48,/树/图层 13 拷贝 6 副本 48,pixel,True,True,212,norm,"[3073, 268, 3106, 306]",False,False,True,source_only,[],,1b24094c37e8913a1751dd9df39555f7514fac5b9cdc5285eb1c269278986766
rural,"[16, 52]",271,图层 13 拷贝 6 副本 49,/树/图层 13 拷贝 6 副本 49,pixel,True,True,212,norm,"[3023, 333, 3056, 371]",False,False,True,source_only,[],,1b24094c37e8913a1751dd9df39555f7514fac5b9cdc5285eb1c269278986766
rural,"[16, 53]",272,图层 13 拷贝 6 副本 50,/树/图层 13 拷贝 6 副本 50,pixel,True,True,212,norm,"[1104, 240, 1138, 278]",False,False,True,source_only,[],,1b24094c37e8913a1751dd9df39555f7514fac5b9cdc5285eb1c269278986766
rural,"[16, 54]",273,图层 13 拷贝 6 副本 51,/树/图层 13 拷贝 6 副本 51,pixel,True,True,212,norm,"[1121, 135, 1155, 173]",False,False,True,source_only,[],,1b24094c37e8913a1751dd9df39555f7514fac5b9cdc5285eb1c269278986766
rural,"[16, 55]",274,图层 13 拷贝 6 副本 52,/树/图层 13 拷贝 6 副本 52,pixel,True,True,212,norm,"[244, 1374, 299, 1438]",False,False,True,source_only,[],,1b24094c37e8913a1751dd9df39555f7514fac5b9cdc5285eb1c269278986766
rural,"[16, 56]",396,图层 13 拷贝 6 副本 84,/树/图层 13 拷贝 6 副本 84,pixel,True,True,212,norm,"[339, 1144, 395, 1208]",False,False,True,source_only,[],,1b24094c37e8913a1751dd9df39555f7514fac5b9cdc5285eb1c269278986766
rural,"[16, 57]",275,图层 13 拷贝 6 副本 53,/树/图层 13 拷贝 6 副本 53,pixel,True,True,212,norm,"[598, 926, 636, 972]",False,False,True,source_only,[],,1b24094c37e8913a1751dd9df39555f7514fac5b9cdc5285eb1c269278986766
rural,"[16, 58]",276,图层 13 拷贝 6 副本 54,/树/图层 13 拷贝 6 副本 54,pixel,True,True,212,norm,"[509, 1178, 547, 1223]",False,False,True,source_only,[],,1b24094c37e8913a1751dd9df39555f7514fac5b9cdc5285eb1c269278986766
rural,"[16, 59]",277,图层 13 拷贝 6 副本 55,/树/图层 13 拷贝 6 副本 55,pixel,True,True,212,norm,"[359, 1974, 397, 2019]",False,False,True,source_only,[],,1b24094c37e8913a1751dd9df39555f7514fac5b9cdc5285eb1c269278986766
rural,"[16, 60]",278,图层 13 拷贝 6 副本 56,/树/图层 13 拷贝 6 副本 56,pixel,True,True,212,norm,"[286, 2056, 325, 2101]",False,False,True,source_only,[],,1b24094c37e8913a1751dd9df39555f7514fac5b9cdc5285eb1c269278986766
rural,"[16, 61]",279,图层 13 拷贝 6 副本 57,/树/图层 13 拷贝 6 副本 57,pixel,True,True,212,norm,"[493, 2075, 525, 2113]",False,False,True,source_only,[],,1b24094c37e8913a1751dd9df39555f7514fac5b9cdc5285eb1c269278986766
rural,"[16, 62]",280,图层 13 拷贝 6 副本 58,/树/图层 13 拷贝 6 副本 58,pixel,True,True,212,norm,"[134, 2346, 166, 2383]",False,False,True,source_only,[],,1b24094c37e8913a1751dd9df39555f7514fac5b9cdc5285eb1c269278986766
rural,"[16, 63]",281,图层 13 拷贝 6 副本 59,/树/图层 13 拷贝 6 副本 59,pixel,True,True,212,norm,"[44, 2396, 76, 2433]",False,False,True,source_only,[],,1b24094c37e8913a1751dd9df39555f7514fac5b9cdc5285eb1c269278986766
rural,"[16, 64]",282,图层 13 拷贝 6 副本 60,/树/图层 13 拷贝 6 副本 60,pixel,True,True,212,norm,"[59, 2026, 92, 2063]",False,False,True,source_only,[],,1b24094c37e8913a1751dd9df39555f7514fac5b9cdc5285eb1c269278986766
rural,"[16, 65]",283,图层 13 拷贝 6 副本 61,/树/图层 13 拷贝 6 副本 61,pixel,True,True,212,norm,"[59, 1534, 92, 1572]",False,False,True,source_only,[],,1b24094c37e8913a1751dd9df39555f7514fac5b9cdc5285eb1c269278986766
rural,"[16, 66]",284,图层 13 拷贝 6 副本 62,/树/图层 13 拷贝 6 副本 62,pixel,True,True,212,norm,"[689, 135, 722, 173]",False,False,True,source_only,[],,1b24094c37e8913a1751dd9df39555f7514fac5b9cdc5285eb1c269278986766
rural,"[16, 67]",285,图层 13 拷贝 6 副本 63,/树/图层 13 拷贝 6 副本 63,pixel,True,True,212,norm,"[509, 240, 541, 278]",False,False,True,source_only,[],,1b24094c37e8913a1751dd9df39555f7514fac5b9cdc5285eb1c269278986766
rural,"[16, 68]",286,图层 13 拷贝 6 副本 64,/树/图层 13 拷贝 6 副本 64,pixel,True,True,212,norm,"[2374, 186, 2407, 224]",False,False,True,source_only,[],,1b24094c37e8913a1751dd9df39555f7514fac5b9cdc5285eb1c269278986766
rural,"[16, 69]",287,图层 13 拷贝 6 副本 65,/树/图层 13 拷贝 6 副本 65,pixel,True,True,212,norm,"[2191, 230, 2258, 307]",False,False,True,extracted,"[""P-T01""]",浅色乔木与烘焙树影,1b24094c37e8913a1751dd9df39555f7514fac5b9cdc5285eb1c269278986766
rural,"[16, 70]",288,图层 13 拷贝 6 副本 66,/树/图层 13 拷贝 6 副本 66,pixel,True,True,212,norm,"[1858, 147, 1925, 224]",False,False,True,source_only,[],,1b24094c37e8913a1751dd9df39555f7514fac5b9cdc5285eb1c269278986766
rural,"[16, 71]",289,图层 13 拷贝 6 副本 67,/树/图层 13 拷贝 6 副本 67,pixel,True,True,176,norm,"[4066, 718, 4133, 795]",False,False,True,source_only,[],,1b24094c37e8913a1751dd9df39555f7514fac5b9cdc5285eb1c269278986766
rural,"[16, 72]",290,图层 13 拷贝 6 副本 68,/树/图层 13 拷贝 6 副本 68,pixel,True,True,176,norm,"[3899, 169, 3966, 246]",False,False,True,source_only,[],,1b24094c37e8913a1751dd9df39555f7514fac5b9cdc5285eb1c269278986766
rural,"[16, 73]",291,图层 13 拷贝 6 副本 69,/树/图层 13 拷贝 6 副本 69,pixel,True,True,176,norm,"[3762, 254, 3829, 331]",False,False,True,source_only,[],,1b24094c37e8913a1751dd9df39555f7514fac5b9cdc5285eb1c269278986766
rural,"[16, 74]",292,图层 13 拷贝 6 副本 70,/树/图层 13 拷贝 6 副本 70,pixel,True,True,176,norm,"[2541, 13, 2608, 90]",False,False,True,source_only,[],,1b24094c37e8913a1751dd9df39555f7514fac5b9cdc5285eb1c269278986766
rural,"[16, 75]",293,图层 13 拷贝 6 副本 71,/树/图层 13 拷贝 6 副本 71,pixel,True,True,176,norm,"[3247, 93, 3314, 170]",False,False,True,source_only,[],,1b24094c37e8913a1751dd9df39555f7514fac5b9cdc5285eb1c269278986766
rural,"[16, 76]",295,图层 13 拷贝 6 副本 72,/树/图层 13 拷贝 6 副本 72,pixel,True,True,176,norm,"[3934, 1853, 4000, 1930]",False,False,True,source_only,[],,1b24094c37e8913a1751dd9df39555f7514fac5b9cdc5285eb1c269278986766
rural,"[16, 77]",296,图层 13 拷贝 6 副本 73,/树/图层 13 拷贝 6 副本 73,pixel,True,True,130,norm,"[3965, 1983, 4032, 2060]",False,False,True,source_only,[],,1b24094c37e8913a1751dd9df39555f7514fac5b9cdc5285eb1c269278986766
rural,"[16, 78]",297,图层 13 拷贝 6 副本 74,/树/图层 13 拷贝 6 副本 74,pixel,True,True,130,norm,"[4066, 2090, 4133, 2167]",False,False,True,source_only,[],,1b24094c37e8913a1751dd9df39555f7514fac5b9cdc5285eb1c269278986766
rural,"[16, 79]",298,图层 13 拷贝 6 副本 75,/树/图层 13 拷贝 6 副本 75,pixel,True,True,130,norm,"[4000, 1458, 4067, 1535]",False,False,True,source_only,[],,1b24094c37e8913a1751dd9df39555f7514fac5b9cdc5285eb1c269278986766
rural,"[16, 80]",299,图层 13 拷贝 6 副本 76,/树/图层 13 拷贝 6 副本 76,pixel,True,True,130,norm,"[3899, 1215, 3966, 1292]",False,False,True,source_only,[],,1b24094c37e8913a1751dd9df39555f7514fac5b9cdc5285eb1c269278986766
rural,"[16, 81]",300,图层 13 拷贝 6 副本 77,/树/图层 13 拷贝 6 副本 77,pixel,True,True,130,norm,"[720, 26, 787, 103]",False,False,True,source_only,[],,1b24094c37e8913a1751dd9df39555f7514fac5b9cdc5285eb1c269278986766
rural,"[16, 82]",301,图层 13 拷贝 6 副本 78,/树/图层 13 拷贝 6 副本 78,pixel,True,True,130,norm,"[459, 2549, 526, 2626]",False,False,True,source_only,[],,1b24094c37e8913a1751dd9df39555f7514fac5b9cdc5285eb1c269278986766
rural,"[16, 83]",259,图层 13 拷贝 6 副本 37,/树/图层 13 拷贝 6 副本 37,pixel,True,True,212,norm,"[1664, 2044, 1697, 2083]",False,False,True,source_only,[],,1b24094c37e8913a1751dd9df39555f7514fac5b9cdc5285eb1c269278986766
rural,"[16, 84]",231,图层 13 拷贝 6 副本 9,/树/图层 13 拷贝 6 副本 9,pixel,True,True,255,norm,"[2024, 1085, 2075, 1145]",False,False,True,source_only,[],,1b24094c37e8913a1751dd9df39555f7514fac5b9cdc5285eb1c269278986766
rural,[17],199,鸟,/鸟,pixel,True,True,255,norm,"[569, 1558, 1764, 2229]",False,False,True,source_only,[],,1b24094c37e8913a1751dd9df39555f7514fac5b9cdc5285eb1c269278986766
rural,[18],207,缆车线,/缆车线,pixel,True,True,255,norm,"[1349, 1016, 1690, 1642]",False,False,True,source_only,[],,1b24094c37e8913a1751dd9df39555f7514fac5b9cdc5285eb1c269278986766
rural,[19],3,总平面阴影,/总平面阴影,pixel,True,True,128,mul ,"[324, 0, 3538, 2557]",False,False,True,source_only,[],,1b24094c37e8913a1751dd9df39555f7514fac5b9cdc5285eb1c269278986766
rural,[20],218,等高线,/等高线,pixel,True,True,255,norm,"[0, 0, 4134, 2633]",False,False,True,source_only,[],,1b24094c37e8913a1751dd9df39555f7514fac5b9cdc5285eb1c269278986766
rural,[21],533,等高线 拷贝,/等高线 拷贝,pixel,True,True,255,norm,"[0, 0, 4134, 2633]",False,False,True,source_only,[],,1b24094c37e8913a1751dd9df39555f7514fac5b9cdc5285eb1c269278986766
rural,[22],205,指北针,/指北针,pixel,True,True,255,norm,"[3189, 2217, 4032, 2548]",False,False,True,source_only,[],,1b24094c37e8913a1751dd9df39555f7514fac5b9cdc5285eb1c269278986766
rural,[23],221,篮球场,/篮球场,pixel,True,True,255,norm,"[614, 1601, 2715, 2207]",False,False,True,source_only,[],,1b24094c37e8913a1751dd9df39555f7514fac5b9cdc5285eb1c269278986766
rural,[24],187,印章底板33,/印章底板33,pixel,True,True,204,norm,"[342, 99, 473, 359]",False,False,True,source_only,[],,1b24094c37e8913a1751dd9df39555f7514fac5b9cdc5285eb1c269278986766
residential,[0],13,【知设网独家分享】www.zhishew.com,/【知设网独家分享】www.zhishew.com,pixel,True,True,255,norm,"[0, 0, 10100, 5692]",False,False,True,source_only,[],,75e83bb51e49ba580ab43976222c04cb92795163b9059addd6cbb6579e9bfb7e
residential,[1],2,【知设网独家分享】www.zhishew.com,/【知设网独家分享】www.zhishew.com,pixel,False,False,255,norm,"[0, 0, 10100, 5692]",False,False,True,source_only,[],,75e83bb51e49ba580ab43976222c04cb92795163b9059addd6cbb6579e9bfb7e
residential,[2],41,【知设网独家分享】www.zhishew.com,/【知设网独家分享】www.zhishew.com,pixel,False,False,255,norm,"[279, -1206, 12147, 7230]",False,False,True,source_only,[],,75e83bb51e49ba580ab43976222c04cb92795163b9059addd6cbb6579e9bfb7e
residential,[3],45,【知设网独家分享】www.zhishew.com,/【知设网独家分享】www.zhishew.com,pixel,True,True,255,norm,"[279, -1206, 12147, 7230]",False,False,True,source_only,[],,75e83bb51e49ba580ab43976222c04cb92795163b9059addd6cbb6579e9bfb7e
residential,[4],44,【知设网独家分享】www.zhishew.com,/【知设网独家分享】www.zhishew.com,pixel,True,True,255,norm,"[1152, 495, 10588, 5964]",False,False,True,source_only,[],,75e83bb51e49ba580ab43976222c04cb92795163b9059addd6cbb6579e9bfb7e
residential,[5],160,【知设网独家分享】www.zhishew.com,/【知设网独家分享】www.zhishew.com,pixel,True,True,255,norm,"[3757, 2295, 4974, 2779]",False,False,True,source_only,[],,75e83bb51e49ba580ab43976222c04cb92795163b9059addd6cbb6579e9bfb7e
residential,[6],25,【知设网独家分享】www.zhishew.com,/【知设网独家分享】www.zhishew.com,pixel,True,True,255,norm,"[3868, 1970, 4777, 2093]",False,False,True,source_only,[],,75e83bb51e49ba580ab43976222c04cb92795163b9059addd6cbb6579e9bfb7e
residential,[7],21,【知设网独家分享】www.zhishew.com,/【知设网独家分享】www.zhishew.com,pixel,True,True,255,norm,"[1834, 2486, 7692, 3782]",False,False,True,source_only,[],,75e83bb51e49ba580ab43976222c04cb92795163b9059addd6cbb6579e9bfb7e
residential,[8],12,【知设网独家分享】www.zhishew.com,/【知设网独家分享】www.zhishew.com,pixel,False,False,255,norm,"[-11, 32, 10089, 5724]",False,False,True,source_only,[],,75e83bb51e49ba580ab43976222c04cb92795163b9059addd6cbb6579e9bfb7e
residential,[9],29,【知设网独家分享】www.zhishew.com,/【知设网独家分享】www.zhishew.com,pixel,True,True,255,norm,"[0, 0, 0, 0]",False,False,False,source_only,[],,75e83bb51e49ba580ab43976222c04cb92795163b9059addd6cbb6579e9bfb7e
residential,[10],27,【知设网独家分享】www.zhishew.com,/【知设网独家分享】www.zhishew.com,pixel,True,True,255,norm,"[1773, 953, 7700, 3852]",False,False,True,source_only,[],,75e83bb51e49ba580ab43976222c04cb92795163b9059addd6cbb6579e9bfb7e
residential,[11],20,【知设网独家分享】www.zhishew.com,/【知设网独家分享】www.zhishew.com,pixel,True,True,255,norm,"[3770, 1535, 4868, 3048]",False,False,True,source_only,[],,75e83bb51e49ba580ab43976222c04cb92795163b9059addd6cbb6579e9bfb7e
residential,[12],19,【知设网独家分享】www.zhishew.com,/【知设网独家分享】www.zhishew.com,pixel,True,True,255,norm,"[1830, 1442, 7649, 3844]",False,False,True,source_only,[],,75e83bb51e49ba580ab43976222c04cb92795163b9059addd6cbb6579e9bfb7e
residential,[13],37,【知设网独家分享】www.zhishew.com,/【知设网独家分享】www.zhishew.com,pixel,True,True,255,norm,"[3763, 1379, 8022, 3833]",False,False,True,source_only,[],,75e83bb51e49ba580ab43976222c04cb92795163b9059addd6cbb6579e9bfb7e
residential,[14],15,【知设网独家分享】www.zhishew.com,/【知设网独家分享】www.zhishew.com,pixel,False,False,255,norm,"[759, 501, 9900, 4937]",False,False,True,source_only,[],,75e83bb51e49ba580ab43976222c04cb92795163b9059addd6cbb6579e9bfb7e
residential,[15],17,【知设网独家分享】www.zhishew.com,/【知设网独家分享】www.zhishew.com,pixel,False,False,255,norm,"[759, 502, 8862, 3968]",False,False,True,source_only,[],,75e83bb51e49ba580ab43976222c04cb92795163b9059addd6cbb6579e9bfb7e
residential,[16],42,【知设网独家分享】www.zhishew.com,/【知设网独家分享】www.zhishew.com,pixel,False,False,255,norm,"[759, 502, 7720, 3815]",False,False,True,source_only,[],,75e83bb51e49ba580ab43976222c04cb92795163b9059addd6cbb6579e9bfb7e
residential,[17],129,【知设网独家分享】www.zhishew.com,/【知设网独家分享】www.zhishew.com,pixel,False,False,255,norm,"[0, 497, 8140, 5212]",False,False,True,source_only,[],,75e83bb51e49ba580ab43976222c04cb92795163b9059addd6cbb6579e9bfb7e
residential,[18],132,【知设网独家分享】www.zhishew.com,/【知设网独家分享】www.zhishew.com,pixel,True,True,255,mul ,"[0, 497, 8140, 5212]",False,False,True,extracted,"[""R-G01""]",住宅草坪肌理,75e83bb51e49ba580ab43976222c04cb92795163b9059addd6cbb6579e9bfb7e
residential,[19],158,【知设网独家分享】www.zhishew.com,/【知设网独家分享】www.zhishew.com,pixel,True,True,255,mul ,"[3402, 2174, 5196, 2899]",False,False,True,source_only,[],,75e83bb51e49ba580ab43976222c04cb92795163b9059addd6cbb6579e9bfb7e
residential,[20],136,【知设网独家分享】www.zhishew.com,/【知设网独家分享】www.zhishew.com,pixel,True,True,191,norm,"[3547, 2174, 5194, 2779]",False,False,True,source_only,[],,75e83bb51e49ba580ab43976222c04cb92795163b9059addd6cbb6579e9bfb7e
residential,[21],135,【知设网独家分享】www.zhishew.com,/【知设网独家分享】www.zhishew.com,pixel,True,True,255,norm,"[973, 500, 7578, 4083]",False,False,True,source_only,[],,75e83bb51e49ba580ab43976222c04cb92795163b9059addd6cbb6579e9bfb7e
residential,[22],159,【知设网独家分享】www.zhishew.com,/【知设网独家分享】www.zhishew.com,pixel,True,True,255,norm,"[3559, 2174, 4912, 2285]",False,False,True,extracted,"[""R-P02""]",灰色颗粒铺装,75e83bb51e49ba580ab43976222c04cb92795163b9059addd6cbb6579e9bfb7e
residential,[23],146,【知设网独家分享】www.zhishew.com,/【知设网独家分享】www.zhishew.com,pixel,True,True,255,norm,"[973, 559, 7578, 2957]",False,False,True,source_only,[],,75e83bb51e49ba580ab43976222c04cb92795163b9059addd6cbb6579e9bfb7e
residential,[24],140,【知设网独家分享】www.zhishew.com,/【知设网独家分享】www.zhishew.com,pixel,True,True,255,norm,"[3505, 2295, 6437, 2827]",False,False,True,extracted,"[""R-P01""]",米白石材铺装,75e83bb51e49ba580ab43976222c04cb92795163b9059addd6cbb6579e9bfb7e
residential,[25],153,【知设网独家分享】www.zhishew.com,/【知设网独家分享】www.zhishew.com,pixel,True,True,255,norm,"[3699, 2381, 4668, 2706]",False,False,True,extracted,"[""R-W01""]",庭院蓝色水面肌理,75e83bb51e49ba580ab43976222c04cb92795163b9059addd6cbb6579e9bfb7e
residential,[26],154,【知设网独家分享】www.zhishew.com,/【知设网独家分享】www.zhishew.com,pixel,True,True,255,norm,"[3657, 635, 4983, 2746]",False,False,True,source_only,[],,75e83bb51e49ba580ab43976222c04cb92795163b9059addd6cbb6579e9bfb7e
residential,[27],128,【知设网独家分享】www.zhishew.com,/【知设网独家分享】www.zhishew.com,pixel,False,False,255,norm,"[-4, -2, 10108, 5694]",False,False,True,source_only,[],,75e83bb51e49ba580ab43976222c04cb92795163b9059addd6cbb6579e9bfb7e
residential,[28],150,【知设网独家分享】www.zhishew.com,/【知设网独家分享】www.zhishew.com,pixel,True,True,255,norm,"[5, 2, 10093, 5687]",False,False,True,source_only,[],,75e83bb51e49ba580ab43976222c04cb92795163b9059addd6cbb6579e9bfb7e
residential,[29],162,【知设网独家分享】www.zhishew.com,/【知设网独家分享】www.zhishew.com,pixel,True,True,255,norm,"[3757, 2287, 4404, 2779]",False,False,True,extracted,"[""R-G02""]",亮绿灌木地被肌理,75e83bb51e49ba580ab43976222c04cb92795163b9059addd6cbb6579e9bfb7e
residential,[30],149,【知设网独家分享】www.zhishew.com,/【知设网独家分享】www.zhishew.com,pixel,True,True,255,norm,"[947, 645, 7405, 3869]",False,False,True,source_only,[],,75e83bb51e49ba580ab43976222c04cb92795163b9059addd6cbb6579e9bfb7e
residential,[31],148,【知设网独家分享】www.zhishew.com,/【知设网独家分享】www.zhishew.com,pixel,True,True,255,norm,"[974, 559, 7520, 2987]",False,False,True,source_only,[],,75e83bb51e49ba580ab43976222c04cb92795163b9059addd6cbb6579e9bfb7e
residential,[32],145,【知设网独家分享】www.zhishew.com,/【知设网独家分享】www.zhishew.com,pixel,True,True,255,norm,"[820, 559, 7578, 2981]",False,False,True,source_only,[],,75e83bb51e49ba580ab43976222c04cb92795163b9059addd6cbb6579e9bfb7e
residential,[33],144,【知设网独家分享】www.zhishew.com,/【知设网独家分享】www.zhishew.com,pixel,True,True,255,norm,"[3885, 559, 4839, 947]",False,False,True,source_only,[],,75e83bb51e49ba580ab43976222c04cb92795163b9059addd6cbb6579e9bfb7e
residential,[34],143,【知设网独家分享】www.zhishew.com,/【知设网独家分享】www.zhishew.com,pixel,True,True,255,norm,"[3889, 502, 4835, 1469]",False,False,True,source_only,[],,75e83bb51e49ba580ab43976222c04cb92795163b9059addd6cbb6579e9bfb7e
residential,[35],141,【知设网独家分享】www.zhishew.com,/【知设网独家分享】www.zhishew.com,pixel,True,True,255,norm,"[0, 0, 0, 0]",False,False,False,source_only,[],,75e83bb51e49ba580ab43976222c04cb92795163b9059addd6cbb6579e9bfb7e
residential,[36],163,【知设网独家分享】www.zhishew.com,/【知设网独家分享】www.zhishew.com,pixel,True,True,255,norm,"[967, 550, 7004, 3770]",False,False,True,extracted,"[""R-V01""]",场地车辆,75e83bb51e49ba580ab43976222c04cb92795163b9059addd6cbb6579e9bfb7e
residential,[37],164,【知设网独家分享】www.zhishew.com,/【知设网独家分享】www.zhishew.com,pixel,True,True,255,norm,"[4672, 2327, 4801, 2492]",False,False,True,extracted,"[""R-F02""]",休闲躺椅组,75e83bb51e49ba580ab43976222c04cb92795163b9059addd6cbb6579e9bfb7e
residential,[38],166,【知设网独家分享】www.zhishew.com,/【知设网独家分享】www.zhishew.com,pixel,True,True,255,norm,"[3606, 2177, 4658, 2286]",False,False,True,extracted,"[""R-F01""]",庭院遮阳伞,75e83bb51e49ba580ab43976222c04cb92795163b9059addd6cbb6579e9bfb7e
residential,[39],34,【知设网独家分享】www.zhishew.com,/【知设网独家分享】www.zhishew.com,pixel,True,True,179,norm,"[221, 572, 7215, 4296]",False,False,True,extracted,"[""R-T06""]",小冠三株树组,75e83bb51e49ba580ab43976222c04cb92795163b9059addd6cbb6579e9bfb7e
residential,[40],32,【知设网独家分享】www.zhishew.com,/【知设网独家分享】www.zhishew.com,pixel,True,True,128,norm,"[219, 543, 8052, 3961]",False,False,True,extracted,"[""R-T02"", ""R-T03"", ""R-T08""]",中绿三株乔木组合 / 浅中绿三株乔木组合 / 中绿单株乔木,75e83bb51e49ba580ab43976222c04cb92795163b9059addd6cbb6579e9bfb7e
residential,[41],36,【知设网独家分享】www.zhishew.com,/【知设网独家分享】www.zhishew.com,pixel,True,True,204,norm,"[333, 927, 5466, 2718]",False,False,True,extracted,"[""R-T04""]",浅绿单株树冠,75e83bb51e49ba580ab43976222c04cb92795163b9059addd6cbb6579e9bfb7e
residential,[42],33,【知设网独家分享】www.zhishew.com,/【知设网独家分享】www.zhishew.com,pixel,True,True,140,norm,"[257, 694, 8055, 3905]",False,False,True,extracted,"[""R-T01"", ""R-T07""]",深绿双株乔木组合 / 深绿单株乔木,75e83bb51e49ba580ab43976222c04cb92795163b9059addd6cbb6579e9bfb7e
residential,[43],35,【知设网独家分享】www.zhishew.com,/【知设网独家分享】www.zhishew.com,pixel,True,True,179,norm,"[266, 1359, 5839, 2995]",False,False,True,extracted,"[""R-T05""]",秋色点景单株乔木,75e83bb51e49ba580ab43976222c04cb92795163b9059addd6cbb6579e9bfb7e
residential,[44],52,【知设网独家分享】www.zhishew.com,/【知设网独家分享】www.zhishew.com,pixel,True,True,255,norm,"[1130, 504, 7574, 3154]",False,False,True,extracted,"[""R-H01""]",俯视人物组合,75e83bb51e49ba580ab43976222c04cb92795163b9059addd6cbb6579e9bfb7e
residential,[45],39,【知设网独家分享】www.zhishew.com,/【知设网独家分享】www.zhishew.com,pixel,True,True,128,mul ,"[1928, 969, 5015, 3680]",False,False,True,source_only,[],,75e83bb51e49ba580ab43976222c04cb92795163b9059addd6cbb6579e9bfb7e
residential,[46],49,【知设网独家分享】www.zhishew.com,/【知设网独家分享】www.zhishew.com,pixel,True,True,128,mul ,"[1307, 551, 7845, 3571]",False,False,True,source_only,[],,75e83bb51e49ba580ab43976222c04cb92795163b9059addd6cbb6579e9bfb7e
residential,[47],47,【知设网独家分享】www.zhishew.com,/【知设网独家分享】www.zhishew.com,pixel,True,True,255,norm,"[1307, 945, 7355, 3571]",False,False,True,source_only,[],,75e83bb51e49ba580ab43976222c04cb92795163b9059addd6cbb6579e9bfb7e
residential,[48],54,【知设网独家分享】www.zhishew.com,/【知设网独家分享】www.zhishew.com,pixel,True,True,128,mul ,"[3929, 986, 4816, 1256]",False,False,True,source_only,[],,75e83bb51e49ba580ab43976222c04cb92795163b9059addd6cbb6579e9bfb7e
residential,[49],50,【知设网独家分享】www.zhishew.com,/【知设网独家分享】www.zhishew.com,pixel,False,False,255,norm,"[0, 0, 10100, 5692]",False,False,True,source_only,[],,75e83bb51e49ba580ab43976222c04cb92795163b9059addd6cbb6579e9bfb7e
residential,[50],53,【知设网独家分享】www.zhishew.com,/【知设网独家分享】www.zhishew.com,pixel,True,True,255,norm,"[1409, 748, 7373, 5200]",False,False,True,source_only,[],,75e83bb51e49ba580ab43976222c04cb92795163b9059addd6cbb6579e9bfb7e
residential,[51],59,【知设网独家分享】www.zhishew.com,/【知设网独家分享】www.zhishew.com,type,True,True,255,norm,"[1890, 1200, 2320, 1276]",False,False,True,source_only,[],,75e83bb51e49ba580ab43976222c04cb92795163b9059addd6cbb6579e9bfb7e
residential,[52],60,【知设网独家分享】www.zhishew.com,/【知设网独家分享】www.zhishew.com,type,True,True,255,norm,"[4200, 1093, 4513, 1171]",False,False,True,source_only,[],,75e83bb51e49ba580ab43976222c04cb92795163b9059addd6cbb6579e9bfb7e
residential,[53],62,【知设网独家分享】www.zhishew.com,/【知设网独家分享】www.zhishew.com,type,True,True,255,norm,"[4195, 1734, 4517, 1813]",False,False,True,source_only,[],,75e83bb51e49ba580ab43976222c04cb92795163b9059addd6cbb6579e9bfb7e
residential,[54],63,【知设网独家分享】www.zhishew.com,/【知设网独家分享】www.zhishew.com,type,True,True,255,norm,"[1925, 2377, 2251, 2455]",False,False,True,source_only,[],,75e83bb51e49ba580ab43976222c04cb92795163b9059addd6cbb6579e9bfb7e
residential,[55],65,【知设网独家分享】www.zhishew.com,/【知设网独家分享】www.zhishew.com,type,True,True,255,norm,"[2218, 3430, 2542, 3509]",False,False,True,source_only,[],,75e83bb51e49ba580ab43976222c04cb92795163b9059addd6cbb6579e9bfb7e
residential,[56],66,【知设网独家分享】www.zhishew.com,/【知设网独家分享】www.zhishew.com,type,True,True,255,norm,"[4236, 3261, 4556, 3339]",False,False,True,source_only,[],,75e83bb51e49ba580ab43976222c04cb92795163b9059addd6cbb6579e9bfb7e
residential,[57],167,【知设网独家分享】www.zhishew.com,/【知设网独家分享】www.zhishew.com,type,True,True,255,norm,"[1520, 1741, 1616, 1815]",False,False,True,source_only,[],,75e83bb51e49ba580ab43976222c04cb92795163b9059addd6cbb6579e9bfb7e
residential,[58],168,【知设网独家分享】www.zhishew.com,/【知设网独家分享】www.zhishew.com,type,True,True,255,norm,"[1688, 2844, 1784, 2918]",False,False,True,source_only,[],,75e83bb51e49ba580ab43976222c04cb92795163b9059addd6cbb6579e9bfb7e
residential,[59],67,【知设网独家分享】www.zhishew.com,/【知设网独家分享】www.zhishew.com,type,True,True,255,norm,"[5440, 3409, 5763, 3488]",False,False,True,source_only,[],,75e83bb51e49ba580ab43976222c04cb92795163b9059addd6cbb6579e9bfb7e
residential,[60],68,【知设网独家分享】www.zhishew.com,/【知设网独家分享】www.zhishew.com,type,True,True,255,norm,"[6613, 3409, 6936, 3488]",False,False,True,source_only,[],,75e83bb51e49ba580ab43976222c04cb92795163b9059addd6cbb6579e9bfb7e
residential,[61],69,【知设网独家分享】www.zhishew.com,/【知设网独家分享】www.zhishew.com,pixel,True,True,255,norm,"[1525, 90, 2575, 455]",False,False,True,source_only,[],,75e83bb51e49ba580ab43976222c04cb92795163b9059addd6cbb6579e9bfb7e
residential,[62],70,【知设网独家分享】www.zhishew.com,/【知设网独家分享】www.zhishew.com,type,True,True,255,norm,"[1508, 469, 1544, 525]",False,False,True,source_only,[],,75e83bb51e49ba580ab43976222c04cb92795163b9059addd6cbb6579e9bfb7e
residential,[63],71,【知设网独家分享】www.zhishew.com,/【知设网独家分享】www.zhishew.com,type,True,True,255,norm,"[1615, 470, 1646, 525]",False,False,True,source_only,[],,75e83bb51e49ba580ab43976222c04cb92795163b9059addd6cbb6579e9bfb7e
residential,[64],72,【知设网独家分享】www.zhishew.com,/【知设网独家分享】www.zhishew.com,type,True,True,255,norm,"[1700, 470, 1774, 526]",False,False,True,source_only,[],,75e83bb51e49ba580ab43976222c04cb92795163b9059addd6cbb6579e9bfb7e
residential,[65],73,【知设网独家分享】www.zhishew.com,/【知设网独家分享】www.zhishew.com,type,True,True,255,norm,"[1903, 468, 1980, 524]",False,False,True,source_only,[],,75e83bb51e49ba580ab43976222c04cb92795163b9059addd6cbb6579e9bfb7e
residential,[66],74,【知设网独家分享】www.zhishew.com,/【知设网独家分享】www.zhishew.com,type,True,True,255,norm,"[2530, 468, 2668, 524]",False,False,True,source_only,[],,75e83bb51e49ba580ab43976222c04cb92795163b9059addd6cbb6579e9bfb7e
residential,[67],75,【知设网独家分享】www.zhishew.com,/【知设网独家分享】www.zhishew.com,type,True,True,255,norm,"[2543, 36, 2605, 111]",False,False,True,source_only,[],,75e83bb51e49ba580ab43976222c04cb92795163b9059addd6cbb6579e9bfb7e
residential,[68],64,【知设网独家分享】www.zhishew.com,/【知设网独家分享】www.zhishew.com,type,True,True,255,norm,"[5894, 2349, 6216, 2428]",False,False,True,source_only,[],,75e83bb51e49ba580ab43976222c04cb92795163b9059addd6cbb6579e9bfb7e
residential,[69],61,【知设网独家分享】www.zhishew.com,/【知设网独家分享】www.zhishew.com,type,True,True,255,norm,"[5842, 1124, 6258, 1200]",False,False,True,source_only,[],,75e83bb51e49ba580ab43976222c04cb92795163b9059addd6cbb6579e9bfb7e
residential,[70],169,【知设网独家分享】www.zhishew.com,/【知设网独家分享】www.zhishew.com,pixel,True,True,255,norm,"[838, 693, 7012, 2901]",False,False,True,source_only,[],,75e83bb51e49ba580ab43976222c04cb92795163b9059addd6cbb6579e9bfb7e
residential,[71],171,【知设网独家分享】www.zhishew.com,/【知设网独家分享】www.zhishew.com,pixel,True,True,217,norm,"[850, 698, 1535, 1372]",False,False,True,source_only,[],,75e83bb51e49ba580ab43976222c04cb92795163b9059addd6cbb6579e9bfb7e
residential,[72],170,【知设网独家分享】www.zhishew.com,/【知设网独家分享】www.zhishew.com,pixel,True,True,255,norm,"[860, 727, 1536, 1378]",False,False,True,source_only,[],,75e83bb51e49ba580ab43976222c04cb92795163b9059addd6cbb6579e9bfb7e
residential,[73],51,【知设网独家分享】www.zhishew.com,/【知设网独家分享】www.zhishew.com,pixel,False,False,255,norm,"[860, 0, 10101, 5693]",False,False,True,source_only,[],,75e83bb51e49ba580ab43976222c04cb92795163b9059addd6cbb6579e9bfb7e
landscape,[0],1,背景,/背景,pixel,True,True,255,norm,"[0, 0, 3482, 3308]",False,False,True,source_only,[],,5c5d30d99d9cd5754242485fd1ab07cfd29c954a2cd06115769616e7ec669a12
landscape,[1],18,图层 2,/图层 2,pixel,True,True,255,norm,"[0, 0, 2874, 3308]",False,False,True,source_only,[],,5c5d30d99d9cd5754242485fd1ab07cfd29c954a2cd06115769616e7ec669a12
landscape,[2],288,图层 36,/图层 36,pixel,True,True,255,norm,"[0, 0, 3322, 3308]",False,False,True,extracted,"[""M-G01""]",细颗粒草地基底,5c5d30d99d9cd5754242485fd1ab07cfd29c954a2cd06115769616e7ec669a12
landscape,[3],289,图层 37,/图层 37,pixel,True,True,255,over,"[0, 0, 2912, 3308]",False,False,True,extracted,"[""M-G02""]",自然草地叠加肌理,5c5d30d99d9cd5754242485fd1ab07cfd29c954a2cd06115769616e7ec669a12
landscape,[4],290,曲线 1,/曲线 1,curves,True,True,255,norm,"[0, 0, 0, 0]",False,True,False,source_only,[],,5c5d30d99d9cd5754242485fd1ab07cfd29c954a2cd06115769616e7ec669a12
landscape,[5],292,自然饱和度 1,/自然饱和度 1,vibrance,True,True,255,norm,"[0, 0, 0, 0]",False,True,False,source_only,[],,5c5d30d99d9cd5754242485fd1ab07cfd29c954a2cd06115769616e7ec669a12
landscape,[6],72,DS设计素材5,/DS设计素材5,pixel,False,False,255,over,"[0, 0, 2874, 3308]",False,False,True,source_only,[],,5c5d30d99d9cd5754242485fd1ab07cfd29c954a2cd06115769616e7ec669a12
landscape,[7],64,图层 11,/图层 11,pixel,True,True,255,norm,"[0, 0, 3098, 3308]",False,False,True,source_only,[],,5c5d30d99d9cd5754242485fd1ab07cfd29c954a2cd06115769616e7ec669a12
landscape,[8],66,图层 12,/图层 12,pixel,True,True,255,norm,"[565, 1289, 1465, 2080]",False,True,True,extracted,"[""M-P01""]",浅灰条石铺装,5c5d30d99d9cd5754242485fd1ab07cfd29c954a2cd06115769616e7ec669a12
landscape,[9],68,图层 13,/图层 13,pixel,True,True,255,norm,"[1267, 1532, 1611, 1719]",False,False,True,source_only,[],,5c5d30d99d9cd5754242485fd1ab07cfd29c954a2cd06115769616e7ec669a12
landscape,[10],47,图层 3,/图层 3,pixel,True,True,255,norm,"[999, 514, 1855, 1692]",False,False,True,extracted,"[""M-P02""]",暖褐斑驳铺装,5c5d30d99d9cd5754242485fd1ab07cfd29c954a2cd06115769616e7ec669a12
landscape,[11],53,图层 6,/图层 6,pixel,True,True,255,norm,"[866, 421, 2637, 3143]",False,False,True,source_only,[],,5c5d30d99d9cd5754242485fd1ab07cfd29c954a2cd06115769616e7ec669a12
landscape,[12],54,图层 7,/图层 7,pixel,True,True,255,norm,"[898, 465, 2319, 3020]",False,False,True,source_only,[],,5c5d30d99d9cd5754242485fd1ab07cfd29c954a2cd06115769616e7ec669a12
landscape,[13],55,图层 8,/图层 8,pixel,True,True,255,norm,"[257, 1529, 1817, 2955]",False,False,True,source_only,[],,5c5d30d99d9cd5754242485fd1ab07cfd29c954a2cd06115769616e7ec669a12
landscape,[14],294,图层 39,/图层 39,pixel,True,True,255,norm,"[139, 1228, 1804, 3172]",False,False,True,extracted,"[""M-W01""]",蓝绿斑驳水面,5c5d30d99d9cd5754242485fd1ab07cfd29c954a2cd06115769616e7ec669a12
landscape,[15],70,图层 14,/图层 14,pixel,True,True,179,norm,"[800, 1719, 1130, 1969]",False,False,True,extracted,"[""M-S01""]",白色喷水水花,5c5d30d99d9cd5754242485fd1ab07cfd29c954a2cd06115769616e7ec669a12
landscape,[16],71,54,/54,pixel,True,True,179,norm,"[739, 1793, 1069, 2043]",False,False,True,source_only,[],,5c5d30d99d9cd5754242485fd1ab07cfd29c954a2cd06115769616e7ec669a12
landscape,[17],63,图层 10,/图层 10,pixel,True,True,255,norm,"[1607, 1762, 2765, 2670]",False,True,True,extracted,"[""M-D01""]",棕灰细木板,5c5d30d99d9cd5754242485fd1ab07cfd29c954a2cd06115769616e7ec669a12
landscape,[18],51,图层 5,/图层 5,pixel,True,True,255,mul ,"[973, 548, 2257, 2996]",False,False,True,source_only,[],,5c5d30d99d9cd5754242485fd1ab07cfd29c954a2cd06115769616e7ec669a12
landscape,[19],109,图层 19,/图层 19,pixel,True,True,102,norm,"[1413, 571, 1509, 592]",False,False,True,source_only,[],,5c5d30d99d9cd5754242485fd1ab07cfd29c954a2cd06115769616e7ec669a12
landscape,[20],180,背景 副本,/背景 副本,pixel,True,True,255,norm,"[0, 0, 3099, 3308]",False,False,True,source_only,[],,5c5d30d99d9cd5754242485fd1ab07cfd29c954a2cd06115769616e7ec669a12
landscape,[21],105,DS设计素材2,/DS设计素材2,pixel,True,True,179,norm,"[1211, 553, 1963, 2227]",False,False,True,source_only,[],,5c5d30d99d9cd5754242485fd1ab07cfd29c954a2cd06115769616e7ec669a12
landscape,[22],107,图层 17,/图层 17,pixel,True,True,179,norm,"[1085, 509, 2448, 3039]",False,False,True,source_only,[],,5c5d30d99d9cd5754242485fd1ab07cfd29c954a2cd06115769616e7ec669a12
landscape,[23],112,图层 22,/图层 22,pixel,True,True,179,norm,"[1162, 687, 2088, 2784]",False,False,True,source_only,[],,5c5d30d99d9cd5754242485fd1ab07cfd29c954a2cd06115769616e7ec669a12
landscape,[24],108,DS设计素材,/DS设计素材,pixel,True,True,77,norm,"[1092, 509, 2512, 3038]",False,False,True,source_only,[],,5c5d30d99d9cd5754242485fd1ab07cfd29c954a2cd06115769616e7ec669a12
landscape,[25],102,图层 15,/图层 15,pixel,True,True,179,norm,"[1321, 1442, 1351, 1482]",False,False,True,extracted,"[""M-H01""]",俯视步行人物,5c5d30d99d9cd5754242485fd1ab07cfd29c954a2cd06115769616e7ec669a12
landscape,[26],104,图层 16,/图层 16,pixel,True,True,255,norm,"[1732, 1862, 1784, 1911]",False,False,True,extracted,"[""M-H02""]",俯视活动人物,5c5d30d99d9cd5754242485fd1ab07cfd29c954a2cd06115769616e7ec669a12
landscape,[27],111,图层 21,/图层 21,pixel,True,True,87,norm,"[1063, 506, 2458, 3010]",False,False,True,source_only,[],,5c5d30d99d9cd5754242485fd1ab07cfd29c954a2cd06115769616e7ec669a12
landscape,[28],110,图层 20,/图层 20,pixel,True,True,179,norm,"[1069, 496, 2406, 3015]",False,False,True,source_only,[],,5c5d30d99d9cd5754242485fd1ab07cfd29c954a2cd06115769616e7ec669a12
landscape,[29],3,77,/77,pixel,False,False,255,mul ,"[0, 0, 3482, 3308]",False,False,True,source_only,[],,5c5d30d99d9cd5754242485fd1ab07cfd29c954a2cd06115769616e7ec669a12
landscape,[30],241,图层 26,/图层 26,pixel,True,True,87,norm,"[385, 397, 2509, 2992]",False,False,True,source_only,[],,5c5d30d99d9cd5754242485fd1ab07cfd29c954a2cd06115769616e7ec669a12
landscape,[31],238,非5,/非5,pixel,True,True,128,norm,"[215, 1578, 348, 1725]",False,False,True,source_only,[],,5c5d30d99d9cd5754242485fd1ab07cfd29c954a2cd06115769616e7ec669a12
landscape,[32],239,图层 25 副本,/图层 25 副本,pixel,True,True,128,norm,"[2356, 1022, 2444, 1192]",False,False,True,extracted,"[""M-V01""]",深灰车辆,5c5d30d99d9cd5754242485fd1ab07cfd29c954a2cd06115769616e7ec669a12
landscape,[33],240,34,/34,pixel,True,True,128,norm,"[2810, 2637, 2921, 2805]",False,False,True,source_only,[],,5c5d30d99d9cd5754242485fd1ab07cfd29c954a2cd06115769616e7ec669a12
landscape,[34],237,图层 24,/图层 24,pixel,True,True,168,norm,"[0, 0, 3212, 3308]",False,False,True,source_only,[],,5c5d30d99d9cd5754242485fd1ab07cfd29c954a2cd06115769616e7ec669a12
landscape,[35],228,523,/523,pixel,True,True,194,mul ,"[190, 0, 2797, 3152]",False,False,True,source_only,[],,5c5d30d99d9cd5754242485fd1ab07cfd29c954a2cd06115769616e7ec669a12
landscape,[36],244,图层 27,/图层 27,pixel,True,True,255,norm,"[0, 0, 3482, 3308]",False,False,True,source_only,[],,5c5d30d99d9cd5754242485fd1ab07cfd29c954a2cd06115769616e7ec669a12
landscape,[37],259,背景 副本 7,/背景 副本 7,pixel,True,True,255,norm,"[0, 0, 3099, 3308]",False,False,True,source_only,[],,5c5d30d99d9cd5754242485fd1ab07cfd29c954a2cd06115769616e7ec669a12
landscape,[38],260,背景 副本 8,/背景 副本 8,pixel,True,True,255,norm,"[0, 0, 3099, 3308]",False,False,True,source_only,[],,5c5d30d99d9cd5754242485fd1ab07cfd29c954a2cd06115769616e7ec669a12
landscape,[39],296,图层 41,/图层 41,pixel,True,True,161,norm,"[162, 658, 2717, 2936]",False,False,True,extracted,"[""M-T01""]",中绿轻盈乔木,5c5d30d99d9cd5754242485fd1ab07cfd29c954a2cd06115769616e7ec669a12
landscape,[40],295,图层 40,/图层 40,pixel,True,True,196,norm,"[621, 986, 2270, 2797]",False,False,True,extracted,"[""M-T02""]",金黄疏透乔木,5c5d30d99d9cd5754242485fd1ab07cfd29c954a2cd06115769616e7ec669a12
landscape,[41],291,图层 38,/图层 38,pixel,True,True,201,norm,"[557, 343, 2275, 3308]",False,False,True,extracted,"[""M-T03""]",黄绿圆冠乔木,5c5d30d99d9cd5754242485fd1ab07cfd29c954a2cd06115769616e7ec669a12
landscape,[42],300,图层 42,/图层 42,pixel,True,True,255,norm,"[1304, 1429, 1647, 1793]",False,False,True,extracted,"[""M-T04""]",粉白花树冠,5c5d30d99d9cd5754242485fd1ab07cfd29c954a2cd06115769616e7ec669a12
landscape,[43],297,色阶 1,/色阶 1,levels,True,True,255,norm,"[0, 0, 0, 0]",False,True,False,source_only,[],,5c5d30d99d9cd5754242485fd1ab07cfd29c954a2cd06115769616e7ec669a12
landscape,[44],298,亮度/对比度 1,/亮度/对比度 1,brightnesscontrast,True,True,255,norm,"[0, 0, 0, 0]",False,True,False,source_only,[],,5c5d30d99d9cd5754242485fd1ab07cfd29c954a2cd06115769616e7ec669a12
landscape,[45],299,自然饱和度 2,/自然饱和度 2,vibrance,True,True,255,norm,"[0, 0, 0, 0]",False,True,False,source_only,[],,5c5d30d99d9cd5754242485fd1ab07cfd29c954a2cd06115769616e7ec669a12
landscape,[46],282,图层 35,/图层 35,pixel,True,True,255,norm,"[0, 0, 3482, 3308]",False,False,True,source_only,[],,5c5d30d99d9cd5754242485fd1ab07cfd29c954a2cd06115769616e7ec669a12
landscape,[47],302,色彩平衡 1,/色彩平衡 1,colorbalance,True,True,255,norm,"[0, 0, 0, 0]",False,True,False,source_only,[],,5c5d30d99d9cd5754242485fd1ab07cfd29c954a2cd06115769616e7ec669a12
park,[0],1,Background,/Background,pixel,True,True,255,norm,"[0, 0, 2149, 4340]",False,False,True,source_only,[],,7321f42b3b502255f3f30a3bb0c5a2808ee37970bde0dd43faa920c0f43e94fe
park,[1],12,lawn,/lawn,pixel,True,True,255,norm,"[614, 2343, 1282, 3796]",False,False,True,extracted,"[""U-G01""]",城市公园细草地,7321f42b3b502255f3f30a3bb0c5a2808ee37970bde0dd43faa920c0f43e94fe
park,[2],40,bioswale,/bioswale,pixel,True,True,255,norm,"[776, 1510, 1589, 3674]",False,False,True,source_only,[],,7321f42b3b502255f3f30a3bb0c5a2808ee37970bde0dd43faa920c0f43e94fe
park,[3],47,bioswale2,/bioswale2,pixel,True,True,255,norm,"[754, 1500, 1611, 3690]",False,False,True,source_only,[],,7321f42b3b502255f3f30a3bb0c5a2808ee37970bde0dd43faa920c0f43e94fe
park,[4],34,real_lawn,/real_lawn,pixel,True,True,255,norm,"[614, 2343, 1282, 3796]",False,False,True,extracted,"[""U-G02""]",明暗草坪肌理,7321f42b3b502255f3f30a3bb0c5a2808ee37970bde0dd43faa920c0f43e94fe
park,[5],331,real_lawn2,/real_lawn2,pixel,True,True,255,norm,"[614, 2343, 1282, 3796]",False,False,True,source_only,[],,7321f42b3b502255f3f30a3bb0c5a2808ee37970bde0dd43faa920c0f43e94fe
park,[6],36,lawn_step,/lawn_step,pixel,True,True,255,norm,"[1080, 1604, 1554, 2696]",False,False,True,source_only,[],,7321f42b3b502255f3f30a3bb0c5a2808ee37970bde0dd43faa920c0f43e94fe
park,[7],37,real_lawn2,/real_lawn2,pixel,True,True,255,norm,"[1080, 1510, 1589, 2721]",False,False,True,source_only,[],,7321f42b3b502255f3f30a3bb0c5a2808ee37970bde0dd43faa920c0f43e94fe
park,[8],16,deck,/deck,pixel,True,True,255,norm,"[875, 2466, 1300, 3329]",False,False,True,source_only,[],,7321f42b3b502255f3f30a3bb0c5a2808ee37970bde0dd43faa920c0f43e94fe
park,[9],18,deck2,/deck2,pixel,True,True,255,norm,"[568, 2534, 1318, 3914]",False,False,True,source_only,[],,7321f42b3b502255f3f30a3bb0c5a2808ee37970bde0dd43faa920c0f43e94fe
park,[10],95,bridge,/bridge,pixel,True,True,255,norm,"[917, 3092, 1361, 3478]",False,False,True,source_only,[],,7321f42b3b502255f3f30a3bb0c5a2808ee37970bde0dd43faa920c0f43e94fe
park,[11],25,dg,/dg,pixel,True,True,255,norm,"[455, 211, 1738, 3918]",False,False,True,source_only,[],,7321f42b3b502255f3f30a3bb0c5a2808ee37970bde0dd43faa920c0f43e94fe
park,[12],26,Layer 7,/Layer 7,pixel,True,True,255,norm,"[0, 0, 0, 0]",False,False,False,source_only,[],,7321f42b3b502255f3f30a3bb0c5a2808ee37970bde0dd43faa920c0f43e94fe
park,[13],30,Layer 10,/Layer 10,pixel,True,True,255,norm,"[553, 1151, 1467, 2103]",False,False,True,source_only,[],,7321f42b3b502255f3f30a3bb0c5a2808ee37970bde0dd43faa920c0f43e94fe
park,[14],29,gravel,/gravel,pixel,True,True,255,over,"[553, 1151, 1467, 2103]",False,False,True,extracted,"[""U-P03""]",深灰碎石颗粒,7321f42b3b502255f3f30a3bb0c5a2808ee37970bde0dd43faa920c0f43e94fe
park,[15],31,gravel_shadow,/gravel_shadow,pixel,True,True,255,norm,"[536, 1143, 1451, 2116]",False,False,True,source_only,[],,7321f42b3b502255f3f30a3bb0c5a2808ee37970bde0dd43faa920c0f43e94fe
park,[16],75,white,/white,pixel,True,True,255,norm,"[995, 2447, 1197, 2642]",False,False,True,source_only,[],,7321f42b3b502255f3f30a3bb0c5a2808ee37970bde0dd43faa920c0f43e94fe
park,[17],23,pave_path,/pave_path,pixel,True,True,255,norm,"[452, 63, 1741, 4124]",False,False,True,extracted,"[""U-P01""]",浅米色步道铺装,7321f42b3b502255f3f30a3bb0c5a2808ee37970bde0dd43faa920c0f43e94fe
park,[18],77,pave_crosswalk,/pave_crosswalk,pixel,True,True,255,norm,"[0, 619, 2145, 4340]",False,False,True,source_only,[],,7321f42b3b502255f3f30a3bb0c5a2808ee37970bde0dd43faa920c0f43e94fe
park,[19],228,pave_road,/pave_road,pixel,True,True,255,norm,"[117, 0, 2033, 4340]",False,False,True,source_only,[],,7321f42b3b502255f3f30a3bb0c5a2808ee37970bde0dd43faa920c0f43e94fe
park,[20],234,asphalt,/asphalt,pixel,True,True,255,norm,"[0, 898, 2149, 4340]",False,False,True,source_only,[],,7321f42b3b502255f3f30a3bb0c5a2808ee37970bde0dd43faa920c0f43e94fe
park,[21],235,sidewalk,/sidewalk,pixel,False,False,255,norm,"[0, 0, 2149, 4124]",False,False,True,source_only,[],,7321f42b3b502255f3f30a3bb0c5a2808ee37970bde0dd43faa920c0f43e94fe
park,[22],253,lanes2,/lanes2,pixel,True,True,255,norm,"[290, 0, 1901, 4340]",False,False,True,source_only,[],,7321f42b3b502255f3f30a3bb0c5a2808ee37970bde0dd43faa920c0f43e94fe
park,[23],255,lanes,/lanes,pixel,True,True,255,norm,"[503, 922, 1686, 4340]",False,False,True,source_only,[],,7321f42b3b502255f3f30a3bb0c5a2808ee37970bde0dd43faa920c0f43e94fe
park,[24],320,BOLLAD,/BOLLAD,pixel,True,True,255,norm,"[459, 779, 1730, 4117]",False,False,True,source_only,[],,7321f42b3b502255f3f30a3bb0c5a2808ee37970bde0dd43faa920c0f43e94fe
park,[25],303,car,/car,group,True,True,255,pass,"[203, 984, 1960, 3848]",True,False,False,source_only,[],,7321f42b3b502255f3f30a3bb0c5a2808ee37970bde0dd43faa920c0f43e94fe
park,"[25, 0]",305,Layer 41,/car/Layer 41,pixel,True,True,255,norm,"[286, 1948, 1960, 3848]",False,False,True,source_only,[],,7321f42b3b502255f3f30a3bb0c5a2808ee37970bde0dd43faa920c0f43e94fe
park,"[25, 1]",306,Layer 42,/car/Layer 42,pixel,True,True,255,norm,"[203, 984, 1809, 2857]",False,False,True,source_only,[],,7321f42b3b502255f3f30a3bb0c5a2808ee37970bde0dd43faa920c0f43e94fe
park,[26],76,shadow,/shadow,pixel,True,True,255,norm,"[838, 2869, 1648, 3970]",False,False,True,source_only,[],,7321f42b3b502255f3f30a3bb0c5a2808ee37970bde0dd43faa920c0f43e94fe
park,[27],21,main path,/main path,pixel,True,True,255,norm,"[0, 0, 0, 0]",False,False,False,source_only,[],,7321f42b3b502255f3f30a3bb0c5a2808ee37970bde0dd43faa920c0f43e94fe
park,[28],20,stand,/stand,pixel,True,True,255,norm,"[1086, 1581, 1531, 2656]",False,False,True,source_only,[],,7321f42b3b502255f3f30a3bb0c5a2808ee37970bde0dd43faa920c0f43e94fe
park,[29],11,pave_plaza_b,/pave_plaza_b,pixel,False,False,255,norm,"[631, 1190, 1587, 2490]",False,False,True,source_only,[],,7321f42b3b502255f3f30a3bb0c5a2808ee37970bde0dd43faa920c0f43e94fe
park,[30],159,pave_plaza_f,/pave_plaza_f,pixel,True,True,158,norm,"[631, 1190, 1587, 2490]",False,False,True,extracted,"[""U-P02""]",暖灰拼石广场,7321f42b3b502255f3f30a3bb0c5a2808ee37970bde0dd43faa920c0f43e94fe
park,[31],78,pave_plaza2,/pave_plaza2,pixel,True,True,255,norm,"[631, 1190, 1587, 2490]",False,False,True,source_only,[],,7321f42b3b502255f3f30a3bb0c5a2808ee37970bde0dd43faa920c0f43e94fe
park,[32],314,DOT,/DOT,pixel,True,True,255,norm,"[887, 1339, 1401, 1956]",False,False,True,source_only,[],,7321f42b3b502255f3f30a3bb0c5a2808ee37970bde0dd43faa920c0f43e94fe
park,[33],69,rockgarden copy,/rockgarden copy,pixel,True,True,64,diss,"[571, 154, 1621, 610]",False,False,True,source_only,[],,7321f42b3b502255f3f30a3bb0c5a2808ee37970bde0dd43faa920c0f43e94fe
park,[34],68,rockgarden,/rockgarden,pixel,True,True,125,norm,"[571, 154, 1621, 610]",False,False,True,source_only,[],,7321f42b3b502255f3f30a3bb0c5a2808ee37970bde0dd43faa920c0f43e94fe
park,[35],70,rockgarden,/rockgarden,pixel,True,True,255,over,"[571, 154, 1621, 610]",False,False,True,source_only,[],,7321f42b3b502255f3f30a3bb0c5a2808ee37970bde0dd43faa920c0f43e94fe
park,[36],22,paving_sample,/paving_sample,pixel,False,False,255,norm,"[728, 4042, 1104, 4340]",False,False,True,source_only,[],,7321f42b3b502255f3f30a3bb0c5a2808ee37970bde0dd43faa920c0f43e94fe
park,[37],261,smith_court,/smith_court,pixel,True,True,255,norm,"[48, 2113, 139, 2203]",False,False,True,source_only,[],,7321f42b3b502255f3f30a3bb0c5a2808ee37970bde0dd43faa920c0f43e94fe
park,[38],292,arts copy,/arts copy,pixel,True,True,255,norm,"[0, 0, 0, 0]",False,False,False,source_only,[],,7321f42b3b502255f3f30a3bb0c5a2808ee37970bde0dd43faa920c0f43e94fe
park,[39],293,Layer 36,/Layer 36,pixel,True,True,255,norm,"[577, 2398, 609, 3722]",False,False,True,source_only,[],,7321f42b3b502255f3f30a3bb0c5a2808ee37970bde0dd43faa920c0f43e94fe
park,[40],291,arts,/arts,pixel,True,True,255,norm,"[0, 0, 0, 0]",False,False,False,source_only,[],,7321f42b3b502255f3f30a3bb0c5a2808ee37970bde0dd43faa920c0f43e94fe
park,[41],260,smith_alley,/smith_alley,pixel,True,True,255,norm,"[0, 0, 0, 0]",False,False,False,source_only,[],,7321f42b3b502255f3f30a3bb0c5a2808ee37970bde0dd43faa920c0f43e94fe
park,[42],61,Layer 14,/Layer 14,pixel,True,True,255,norm,"[0, 0, 0, 0]",False,False,False,source_only,[],,7321f42b3b502255f3f30a3bb0c5a2808ee37970bde0dd43faa920c0f43e94fe
park,[43],66,bench,/bench,pixel,True,True,255,norm,"[466, 609, 1480, 3731]",False,False,True,extracted,"[""U-F02""]",长条公园坐凳,7321f42b3b502255f3f30a3bb0c5a2808ee37970bde0dd43faa920c0f43e94fe
park,[44],295,Layer 38,/Layer 38,pixel,True,True,255,norm,"[778, 1334, 1571, 2079]",False,False,True,extracted,"[""U-F01""]",户外桌椅组,7321f42b3b502255f3f30a3bb0c5a2808ee37970bde0dd43faa920c0f43e94fe
park,[45],298,Layer 40,/Layer 40,pixel,True,True,255,norm,"[0, 0, 0, 0]",False,False,False,source_only,[],,7321f42b3b502255f3f30a3bb0c5a2808ee37970bde0dd43faa920c0f43e94fe
park,[46],71,seatwall,/seatwall,pixel,True,True,255,norm,"[689, 224, 1560, 614]",False,False,True,source_only,[],,7321f42b3b502255f3f30a3bb0c5a2808ee37970bde0dd43faa920c0f43e94fe
park,[47],73,Layer 18,/Layer 18,pixel,True,True,255,norm,"[940, 241, 1517, 491]",False,False,True,source_only,[],,7321f42b3b502255f3f30a3bb0c5a2808ee37970bde0dd43faa920c0f43e94fe
park,[48],74,Layer 19,/Layer 19,pixel,True,True,255,norm,"[1187, 259, 1471, 384]",False,False,True,source_only,[],,7321f42b3b502255f3f30a3bb0c5a2808ee37970bde0dd43faa920c0f43e94fe
park,[49],67,Layer 16,/Layer 16,pixel,True,True,255,norm,"[550, 2010, 774, 2218]",False,False,True,source_only,[],,7321f42b3b502255f3f30a3bb0c5a2808ee37970bde0dd43faa920c0f43e94fe
park,[50],180,base,/base,group,True,True,255,pass,"[0, 0, 2149, 4340]",True,False,False,source_only,[],,7321f42b3b502255f3f30a3bb0c5a2808ee37970bde0dd43faa920c0f43e94fe
park,"[50, 0]",2,cad_base,/base/cad_base,pixel,True,True,255,norm,"[0, 0, 2149, 4340]",False,False,True,source_only,[],,7321f42b3b502255f3f30a3bb0c5a2808ee37970bde0dd43faa920c0f43e94fe
park,"[50, 1]",182,street,/base/street,pixel,False,False,255,norm,"[0, 0, 2149, 4132]",False,False,True,source_only,[],,7321f42b3b502255f3f30a3bb0c5a2808ee37970bde0dd43faa920c0f43e94fe
park,[51],72,rock,/rock,pixel,True,True,255,norm,"[621, 183, 1590, 489]",False,False,True,source_only,[],,7321f42b3b502255f3f30a3bb0c5a2808ee37970bde0dd43faa920c0f43e94fe
park,[52],64,water,/water,pixel,True,True,255,norm,"[63, 1241, 938, 2200]",False,False,True,source_only,[],,7321f42b3b502255f3f30a3bb0c5a2808ee37970bde0dd43faa920c0f43e94fe
park,[53],65,Layer 15,/Layer 15,pixel,True,True,148,lum ,"[582, 1241, 938, 2200]",False,False,True,source_only,[],,7321f42b3b502255f3f30a3bb0c5a2808ee37970bde0dd43faa920c0f43e94fe
park,[54],60,flower,/flower,pixel,True,True,255,norm,"[1268, 2873, 1638, 3697]",False,False,True,source_only,[],,7321f42b3b502255f3f30a3bb0c5a2808ee37970bde0dd43faa920c0f43e94fe
park,[55],57,flower,/flower,pixel,True,True,255,norm,"[1219, 3064, 1638, 3960]",False,False,True,source_only,[],,7321f42b3b502255f3f30a3bb0c5a2808ee37970bde0dd43faa920c0f43e94fe
park,[56],54,flower_all,/flower_all,pixel,True,True,255,norm,"[1007, 2153, 1639, 3894]",False,False,True,extracted,"[""U-B01""]",黄绿花境肌理,7321f42b3b502255f3f30a3bb0c5a2808ee37970bde0dd43faa920c0f43e94fe
park,[57],55,flower,/flower,pixel,True,True,255,norm,"[573, 2435, 1639, 4041]",False,False,True,extracted,"[""U-B02""]",粉色混合花境肌理,7321f42b3b502255f3f30a3bb0c5a2808ee37970bde0dd43faa920c0f43e94fe
park,[58],50,groundcover,/groundcover,pixel,True,True,255,norm,"[585, 1161, 1638, 4040]",False,False,True,extracted,"[""U-B03""]",深绿地被肌理,7321f42b3b502255f3f30a3bb0c5a2808ee37970bde0dd43faa920c0f43e94fe
park,[59],269,people,/people,group,True,True,255,pass,"[0, 67, 2015, 4340]",True,False,False,source_only,[],,7321f42b3b502255f3f30a3bb0c5a2808ee37970bde0dd43faa920c0f43e94fe
park,"[59, 0]",359,Layer 63,/people/Layer 63,pixel,True,True,255,norm,"[780, 3263, 850, 3318]",False,False,True,extracted,"[""U-H01""]",草地休憩人物组,7321f42b3b502255f3f30a3bb0c5a2808ee37970bde0dd43faa920c0f43e94fe
park,"[59, 1]",360,Layer 64,/people/Layer 64,pixel,True,True,255,norm,"[1076, 2679, 1127, 2716]",False,False,True,extracted,"[""U-H02""]",草地坐姿人物,7321f42b3b502255f3f30a3bb0c5a2808ee37970bde0dd43faa920c0f43e94fe
park,"[59, 2]",361,Layer 65,/people/Layer 65,pixel,True,True,255,norm,"[1292, 2432, 1341, 2481]",False,False,True,source_only,[],,7321f42b3b502255f3f30a3bb0c5a2808ee37970bde0dd43faa920c0f43e94fe
park,"[59, 3]",362,Layer 66,/people/Layer 66,pixel,True,True,255,norm,"[1390, 2458, 1430, 2521]",False,False,True,source_only,[],,7321f42b3b502255f3f30a3bb0c5a2808ee37970bde0dd43faa920c0f43e94fe
park,"[59, 4]",38,people,/people/people,pixel,True,True,255,norm,"[681, 2815, 722, 2858]",False,False,True,source_only,[],,7321f42b3b502255f3f30a3bb0c5a2808ee37970bde0dd43faa920c0f43e94fe
park,"[59, 5]",283,Layer 30,/people/Layer 30,pixel,True,True,255,norm,"[0, 0, 0, 0]",False,False,False,source_only,[],,7321f42b3b502255f3f30a3bb0c5a2808ee37970bde0dd43faa920c0f43e94fe
park,"[59, 6]",278,shadow,/people/shadow,pixel,True,True,255,norm,"[0, 86, 1702, 4093]",False,False,True,source_only,[],,7321f42b3b502255f3f30a3bb0c5a2808ee37970bde0dd43faa920c0f43e94fe
park,"[59, 7]",319,shadow,/people/shadow,pixel,True,True,255,norm,"[16, 70, 2015, 4340]",False,False,True,source_only,[],,7321f42b3b502255f3f30a3bb0c5a2808ee37970bde0dd43faa920c0f43e94fe
park,"[59, 8]",355,Layer 61,/people/Layer 61,pixel,True,True,255,norm,"[975, 2905, 1013, 2932]",False,False,True,source_only,[],,7321f42b3b502255f3f30a3bb0c5a2808ee37970bde0dd43faa920c0f43e94fe
park,"[59, 9]",352,Layer 59,/people/Layer 59,pixel,True,True,255,norm,"[718, 2687, 755, 2719]",False,False,True,source_only,[],,7321f42b3b502255f3f30a3bb0c5a2808ee37970bde0dd43faa920c0f43e94fe
park,"[59, 10]",345,Layer 55,/people/Layer 55,pixel,True,True,255,norm,"[494, 1135, 1717, 1391]",False,False,True,source_only,[],,7321f42b3b502255f3f30a3bb0c5a2808ee37970bde0dd43faa920c0f43e94fe
park,"[59, 11]",348,Group 1,/people/Group 1,group,True,True,255,pass,"[476, 1090, 2004, 1942]",True,False,False,source_only,[],,7321f42b3b502255f3f30a3bb0c5a2808ee37970bde0dd43faa920c0f43e94fe
park,"[59, 11, 0]",347,Layer 56,/people/Group 1/Layer 56,pixel,True,True,255,norm,"[476, 1090, 1464, 1942]",False,False,True,source_only,[],,7321f42b3b502255f3f30a3bb0c5a2808ee37970bde0dd43faa920c0f43e94fe
park,"[59, 11, 1]",350,Layer 57,/people/Group 1/Layer 57,pixel,True,True,255,norm,"[1961, 1617, 2004, 1659]",False,False,True,source_only,[],,7321f42b3b502255f3f30a3bb0c5a2808ee37970bde0dd43faa920c0f43e94fe
park,"[59, 12]",297,Layer 39,/people/Layer 39,pixel,True,True,255,norm,"[64, 3854, 89, 3880]",False,False,True,source_only,[],,7321f42b3b502255f3f30a3bb0c5a2808ee37970bde0dd43faa920c0f43e94fe
park,"[59, 13]",296,shadow2,/people/shadow2,pixel,True,True,255,norm,"[0, 0, 0, 0]",False,False,False,source_only,[],,7321f42b3b502255f3f30a3bb0c5a2808ee37970bde0dd43faa920c0f43e94fe
park,"[59, 14]",277,Layer 29,/people/Layer 29,pixel,True,True,255,norm,"[905, 2115, 1658, 4314]",False,False,True,source_only,[],,7321f42b3b502255f3f30a3bb0c5a2808ee37970bde0dd43faa920c0f43e94fe
park,"[59, 15]",317,Layer 44,/people/Layer 44,pixel,True,True,255,norm,"[0, 67, 1687, 4340]",False,False,True,source_only,[],,7321f42b3b502255f3f30a3bb0c5a2808ee37970bde0dd43faa920c0f43e94fe
park,"[59, 16]",342,Layer 54,/people/Layer 54,pixel,True,True,255,norm,"[830, 1058, 1329, 1821]",False,False,True,source_only,[],,7321f42b3b502255f3f30a3bb0c5a2808ee37970bde0dd43faa920c0f43e94fe
park,"[59, 17]",351,Layer 58,/people/Layer 58,pixel,True,True,255,norm,"[965, 1106, 985, 1143]",False,False,True,source_only,[],,7321f42b3b502255f3f30a3bb0c5a2808ee37970bde0dd43faa920c0f43e94fe
park,"[59, 18]",332,Layer 45,/people/Layer 45,pixel,True,True,255,norm,"[943, 2666, 1022, 3360]",False,False,True,source_only,[],,7321f42b3b502255f3f30a3bb0c5a2808ee37970bde0dd43faa920c0f43e94fe
park,"[59, 19]",333,Layer 46,/people/Layer 46,pixel,True,True,255,norm,"[1138, 1061, 1252, 1301]",False,False,True,source_only,[],,7321f42b3b502255f3f30a3bb0c5a2808ee37970bde0dd43faa920c0f43e94fe
park,"[59, 20]",335,Layer 48,/people/Layer 48,pixel,True,True,255,norm,"[985, 1065, 1148, 1542]",False,False,True,source_only,[],,7321f42b3b502255f3f30a3bb0c5a2808ee37970bde0dd43faa920c0f43e94fe
park,"[59, 21]",336,Layer 49,/people/Layer 49,pixel,True,True,255,norm,"[1159, 1299, 1191, 1321]",False,False,True,source_only,[],,7321f42b3b502255f3f30a3bb0c5a2808ee37970bde0dd43faa920c0f43e94fe
park,"[59, 22]",337,Layer 50,/people/Layer 50,pixel,True,True,255,norm,"[1091, 1402, 1104, 1412]",False,False,True,source_only,[],,7321f42b3b502255f3f30a3bb0c5a2808ee37970bde0dd43faa920c0f43e94fe
park,"[59, 23]",340,Layer 52,/people/Layer 52,pixel,True,True,255,norm,"[705, 2744, 911, 3138]",False,False,True,source_only,[],,7321f42b3b502255f3f30a3bb0c5a2808ee37970bde0dd43faa920c0f43e94fe
park,"[59, 24]",344,Layer 52 copy,/people/Layer 52 copy,pixel,True,True,255,norm,"[1020, 1307, 1118, 1361]",False,False,True,source_only,[],,7321f42b3b502255f3f30a3bb0c5a2808ee37970bde0dd43faa920c0f43e94fe
park,"[59, 25]",341,Layer 53,/people/Layer 53,pixel,True,True,255,norm,"[1023, 2645, 1039, 2663]",False,False,True,source_only,[],,7321f42b3b502255f3f30a3bb0c5a2808ee37970bde0dd43faa920c0f43e94fe
park,"[59, 26]",339,Layer 51,/people/Layer 51,pixel,True,True,255,norm,"[1141, 1385, 1163, 1404]",False,False,True,source_only,[],,7321f42b3b502255f3f30a3bb0c5a2808ee37970bde0dd43faa920c0f43e94fe
park,"[59, 27]",334,Layer 47,/people/Layer 47,pixel,True,True,255,norm,"[977, 1437, 1039, 1481]",False,False,True,extracted,"[""U-H03""]",步行人物组,7321f42b3b502255f3f30a3bb0c5a2808ee37970bde0dd43faa920c0f43e94fe
park,[60],285,arts_shadow,/arts_shadow,pixel,True,True,255,norm,"[1007, 3768, 1331, 3854]",False,False,True,source_only,[],,7321f42b3b502255f3f30a3bb0c5a2808ee37970bde0dd43faa920c0f43e94fe
park,[61],286,Layer 31,/Layer 31,pixel,True,True,255,norm,"[995, 3768, 1058, 3852]",False,False,True,source_only,[],,7321f42b3b502255f3f30a3bb0c5a2808ee37970bde0dd43faa920c0f43e94fe
park,[62],290,Layer 35,/Layer 35,pixel,True,True,255,norm,"[743, 3951, 785, 3992]",False,False,True,source_only,[],,7321f42b3b502255f3f30a3bb0c5a2808ee37970bde0dd43faa920c0f43e94fe
park,[63],289,Layer 34,/Layer 34,pixel,True,True,255,norm,"[1568, 3854, 1610, 3900]",False,False,True,source_only,[],,7321f42b3b502255f3f30a3bb0c5a2808ee37970bde0dd43faa920c0f43e94fe
park,[64],287,Layer 32,/Layer 32,pixel,True,True,255,norm,"[1269, 3767, 1333, 3812]",False,False,True,source_only,[],,7321f42b3b502255f3f30a3bb0c5a2808ee37970bde0dd43faa920c0f43e94fe
park,[65],254,shade2,/shade2,pixel,False,False,255,norm,"[557, 1169, 1619, 2316]",False,False,True,source_only,[],,7321f42b3b502255f3f30a3bb0c5a2808ee37970bde0dd43faa920c0f43e94fe
park,[66],184,grove,/grove,group,True,True,201,pass,"[0, 3897, 30, 3991]",True,False,False,source_only,[],,7321f42b3b502255f3f30a3bb0c5a2808ee37970bde0dd43faa920c0f43e94fe
park,"[66, 0]",186,sample,/grove/sample,pixel,False,False,255,norm,"[0, 3339, 23, 3413]",False,False,True,source_only,[],,7321f42b3b502255f3f30a3bb0c5a2808ee37970bde0dd43faa920c0f43e94fe
park,"[66, 1]",213,grove2 copy 13,/grove/grove2 copy 13,pixel,True,True,255,norm,"[0, 0, 0, 0]",False,False,False,source_only,[],,7321f42b3b502255f3f30a3bb0c5a2808ee37970bde0dd43faa920c0f43e94fe
park,"[66, 2]",203,grove2 copy 4,/grove/grove2 copy 4,pixel,True,True,255,norm,"[0, 0, 0, 0]",False,False,False,source_only,[],,7321f42b3b502255f3f30a3bb0c5a2808ee37970bde0dd43faa920c0f43e94fe
park,"[66, 3]",216,grove2 copy 16,/grove/grove2 copy 16,pixel,True,True,255,norm,"[0, 3897, 30, 3991]",False,False,True,source_only,[],,7321f42b3b502255f3f30a3bb0c5a2808ee37970bde0dd43faa920c0f43e94fe
park,"[66, 4]",210,grove2 copy 10,/grove/grove2 copy 10,pixel,True,True,255,norm,"[0, 0, 0, 0]",False,False,False,source_only,[],,7321f42b3b502255f3f30a3bb0c5a2808ee37970bde0dd43faa920c0f43e94fe
park,"[66, 5]",211,grove2 copy 11,/grove/grove2 copy 11,pixel,True,True,255,norm,"[0, 0, 0, 0]",False,False,False,source_only,[],,7321f42b3b502255f3f30a3bb0c5a2808ee37970bde0dd43faa920c0f43e94fe
park,"[66, 6]",192,grove1 copy 6,/grove/grove1 copy 6,pixel,True,True,255,norm,"[0, 0, 0, 0]",False,False,False,source_only,[],,7321f42b3b502255f3f30a3bb0c5a2808ee37970bde0dd43faa920c0f43e94fe
park,"[66, 7]",193,grove1 copy 7,/grove/grove1 copy 7,pixel,True,True,255,norm,"[0, 0, 0, 0]",False,False,False,source_only,[],,7321f42b3b502255f3f30a3bb0c5a2808ee37970bde0dd43faa920c0f43e94fe
park,"[66, 8]",196,grove1 copy 10,/grove/grove1 copy 10,pixel,True,True,255,norm,"[0, 0, 0, 0]",False,False,False,source_only,[],,7321f42b3b502255f3f30a3bb0c5a2808ee37970bde0dd43faa920c0f43e94fe
park,"[66, 9]",194,grove1 copy 8,/grove/grove1 copy 8,pixel,True,True,255,norm,"[0, 0, 0, 0]",False,False,False,source_only,[],,7321f42b3b502255f3f30a3bb0c5a2808ee37970bde0dd43faa920c0f43e94fe
park,"[66, 10]",199,grove1 copy 13,/grove/grove1 copy 13,pixel,True,True,255,norm,"[0, 0, 0, 0]",False,False,False,source_only,[],,7321f42b3b502255f3f30a3bb0c5a2808ee37970bde0dd43faa920c0f43e94fe
park,[67],177,palm_tree,/palm_tree,group,True,True,255,pass,"[82, 0, 2094, 677]",True,False,False,source_only,[],,7321f42b3b502255f3f30a3bb0c5a2808ee37970bde0dd43faa920c0f43e94fe
park,"[67, 0]",176,palmtree_smaple,/palm_tree/palmtree_smaple,pixel,True,True,207,norm,"[0, 0, 0, 0]",False,False,False,source_only,[],,7321f42b3b502255f3f30a3bb0c5a2808ee37970bde0dd43faa920c0f43e94fe
park,"[67, 1]",174,palmtree,/palm_tree/palmtree,pixel,True,True,255,norm,"[82, 0, 2094, 677]",False,False,True,source_only,[],,7321f42b3b502255f3f30a3bb0c5a2808ee37970bde0dd43faa920c0f43e94fe
park,[68],168,street_tree,/street_tree,group,True,True,255,pass,"[0, 149, 2149, 4055]",True,False,False,source_only,[],,7321f42b3b502255f3f30a3bb0c5a2808ee37970bde0dd43faa920c0f43e94fe
park,"[68, 0]",86,s_tree_in,/street_tree/s_tree_in,pixel,True,True,255,norm,"[385, 149, 1802, 3700]",False,False,True,extracted,"[""U-T04""]",浅绿行道树冠,7321f42b3b502255f3f30a3bb0c5a2808ee37970bde0dd43faa920c0f43e94fe
park,"[68, 1]",173,s_tree_out,/street_tree/s_tree_out,pixel,True,True,255,norm,"[0, 642, 2149, 4055]",False,False,True,source_only,[],,7321f42b3b502255f3f30a3bb0c5a2808ee37970bde0dd43faa920c0f43e94fe
park,"[68, 2]",265,Layer 22,/street_tree/Layer 22,pixel,True,True,255,norm,"[0, 0, 0, 0]",False,False,False,source_only,[],,7321f42b3b502255f3f30a3bb0c5a2808ee37970bde0dd43faa920c0f43e94fe
park,"[68, 3]",219,s_tree,/street_tree/s_tree,pixel,True,True,255,norm,"[0, 0, 0, 0]",False,False,False,source_only,[],,7321f42b3b502255f3f30a3bb0c5a2808ee37970bde0dd43faa920c0f43e94fe
park,"[68, 4]",172,smaple,/street_tree/smaple,pixel,False,False,255,norm,"[1823, 4228, 1991, 4340]",False,False,True,source_only,[],,7321f42b3b502255f3f30a3bb0c5a2808ee37970bde0dd43faa920c0f43e94fe
park,[69],165,big_tree,/big_tree,group,True,True,255,pass,"[330, 85, 1824, 4174]",True,False,False,source_only,[],,7321f42b3b502255f3f30a3bb0c5a2808ee37970bde0dd43faa920c0f43e94fe
park,"[69, 0]",112,Layer 20 copy 9,/big_tree/Layer 20 copy 9,pixel,True,True,255,norm,"[449, 1930, 716, 2192]",False,False,True,extracted,"[""U-T01""]",中深绿密叶乔木,7321f42b3b502255f3f30a3bb0c5a2808ee37970bde0dd43faa920c0f43e94fe
park,"[69, 1]",92,Layer 20 copy 4,/big_tree/Layer 20 copy 4,pixel,True,True,255,norm,"[1231, 1772, 1498, 2034]",False,False,True,source_only,[],,7321f42b3b502255f3f30a3bb0c5a2808ee37970bde0dd43faa920c0f43e94fe
park,"[69, 2]",85,sample,/big_tree/sample,pixel,False,False,255,norm,"[0, 0, 0, 0]",False,False,False,source_only,[],,7321f42b3b502255f3f30a3bb0c5a2808ee37970bde0dd43faa920c0f43e94fe
park,"[69, 3]",90,Layer 20 copy 2,/big_tree/Layer 20 copy 2,pixel,True,True,255,norm,"[1381, 1122, 1648, 1384]",False,False,True,source_only,[],,7321f42b3b502255f3f30a3bb0c5a2808ee37970bde0dd43faa920c0f43e94fe
park,"[69, 4]",356,Layer 62,/big_tree/Layer 62,pixel,True,True,255,norm,"[1184, 820, 1456, 895]",False,False,True,extracted,"[""U-V01""]",公园接驳车辆,7321f42b3b502255f3f30a3bb0c5a2808ee37970bde0dd43faa920c0f43e94fe
park,"[69, 5]",358,UNION PARK SHUTTLE,/big_tree/UNION PARK SHUTTLE,type,True,True,255,over,"[1203, 855, 1434, 882]",False,False,True,source_only,[],,7321f42b3b502255f3f30a3bb0c5a2808ee37970bde0dd43faa920c0f43e94fe
park,"[69, 6]",109,Layer 20 copy 7,/big_tree/Layer 20 copy 7,pixel,True,True,255,norm,"[477, 1093, 744, 1355]",False,False,True,source_only,[],,7321f42b3b502255f3f30a3bb0c5a2808ee37970bde0dd43faa920c0f43e94fe
park,"[69, 7]",105,Layer 20 copy 5,/big_tree/Layer 20 copy 5,pixel,True,True,255,norm,"[669, 1055, 918, 1299]",False,False,True,source_only,[],,7321f42b3b502255f3f30a3bb0c5a2808ee37970bde0dd43faa920c0f43e94fe
park,"[69, 8]",91,Layer 20 copy 3,/big_tree/Layer 20 copy 3,pixel,True,True,255,norm,"[951, 2132, 1218, 2394]",False,False,True,source_only,[],,7321f42b3b502255f3f30a3bb0c5a2808ee37970bde0dd43faa920c0f43e94fe
park,"[69, 9]",111,Layer 20 copy 8,/big_tree/Layer 20 copy 8,pixel,True,True,255,norm,"[596, 2053, 863, 2315]",False,False,True,source_only,[],,7321f42b3b502255f3f30a3bb0c5a2808ee37970bde0dd43faa920c0f43e94fe
park,"[69, 10]",114,Layer 20 copy 10,/big_tree/Layer 20 copy 10,pixel,True,True,255,norm,"[340, 2196, 607, 2458]",False,False,True,source_only,[],,7321f42b3b502255f3f30a3bb0c5a2808ee37970bde0dd43faa920c0f43e94fe
park,"[69, 11]",140,Layer 20 copy 29,/big_tree/Layer 20 copy 29,pixel,True,True,255,norm,"[1552, 1827, 1819, 2089]",False,False,True,source_only,[],,7321f42b3b502255f3f30a3bb0c5a2808ee37970bde0dd43faa920c0f43e94fe
park,"[69, 12]",144,Layer 20 copy 32,/big_tree/Layer 20 copy 32,pixel,True,True,255,norm,"[695, 537, 962, 799]",False,False,True,source_only,[],,7321f42b3b502255f3f30a3bb0c5a2808ee37970bde0dd43faa920c0f43e94fe
park,"[69, 13]",145,Layer 20 copy 33,/big_tree/Layer 20 copy 33,pixel,True,True,255,norm,"[1120, 468, 1375, 718]",False,False,True,source_only,[],,7321f42b3b502255f3f30a3bb0c5a2808ee37970bde0dd43faa920c0f43e94fe
park,"[69, 14]",146,Layer 20 copy 34,/big_tree/Layer 20 copy 34,pixel,True,True,255,norm,"[902, 325, 1169, 587]",False,False,True,source_only,[],,7321f42b3b502255f3f30a3bb0c5a2808ee37970bde0dd43faa920c0f43e94fe
park,"[69, 15]",151,Layer 20 copy 38,/big_tree/Layer 20 copy 38,pixel,True,True,255,norm,"[979, 126, 1246, 388]",False,False,True,source_only,[],,7321f42b3b502255f3f30a3bb0c5a2808ee37970bde0dd43faa920c0f43e94fe
park,"[69, 16]",152,Layer 20 copy 39,/big_tree/Layer 20 copy 39,pixel,True,True,255,norm,"[1162, 85, 1429, 347]",False,False,True,source_only,[],,7321f42b3b502255f3f30a3bb0c5a2808ee37970bde0dd43faa920c0f43e94fe
park,"[69, 17]",147,Layer 20 copy 35,/big_tree/Layer 20 copy 35,pixel,True,True,255,norm,"[503, 238, 770, 500]",False,False,True,source_only,[],,7321f42b3b502255f3f30a3bb0c5a2808ee37970bde0dd43faa920c0f43e94fe
park,"[69, 18]",116,Layer 20 copy 11,/big_tree/Layer 20 copy 11,pixel,True,True,255,norm,"[663, 2380, 988, 2698]",False,False,True,extracted,"[""U-T03""]",浅中绿密叶乔木,7321f42b3b502255f3f30a3bb0c5a2808ee37970bde0dd43faa920c0f43e94fe
park,"[69, 19]",117,Layer 20 copy 12,/big_tree/Layer 20 copy 12,pixel,True,True,255,norm,"[966, 2694, 1266, 2988]",False,False,True,source_only,[],,7321f42b3b502255f3f30a3bb0c5a2808ee37970bde0dd43faa920c0f43e94fe
park,"[69, 20]",119,Layer 20 copy 14,/big_tree/Layer 20 copy 14,pixel,True,True,255,norm,"[960, 2297, 1260, 2591]",False,False,True,source_only,[],,7321f42b3b502255f3f30a3bb0c5a2808ee37970bde0dd43faa920c0f43e94fe
park,"[69, 21]",120,Layer 20 copy 15,/big_tree/Layer 20 copy 15,pixel,True,True,255,norm,"[812, 2982, 1112, 3276]",False,False,True,source_only,[],,7321f42b3b502255f3f30a3bb0c5a2808ee37970bde0dd43faa920c0f43e94fe
park,"[69, 22]",123,Layer 20 copy 17,/big_tree/Layer 20 copy 17,pixel,True,True,255,norm,"[672, 3298, 972, 3592]",False,False,True,source_only,[],,7321f42b3b502255f3f30a3bb0c5a2808ee37970bde0dd43faa920c0f43e94fe
park,"[69, 23]",124,Layer 20 copy 18,/big_tree/Layer 20 copy 18,pixel,True,True,255,norm,"[330, 3645, 630, 3939]",False,False,True,source_only,[],,7321f42b3b502255f3f30a3bb0c5a2808ee37970bde0dd43faa920c0f43e94fe
park,"[69, 24]",125,Layer 20 copy 19,/big_tree/Layer 20 copy 19,pixel,True,True,255,norm,"[1476, 3003, 1734, 3255]",False,False,True,extracted,"[""U-T02""]",黄绿密叶乔木,7321f42b3b502255f3f30a3bb0c5a2808ee37970bde0dd43faa920c0f43e94fe
park,"[69, 25]",158,Layer 20 copy 25,/big_tree/Layer 20 copy 25,pixel,True,True,255,norm,"[775, 3867, 1075, 4161]",False,False,True,source_only,[],,7321f42b3b502255f3f30a3bb0c5a2808ee37970bde0dd43faa920c0f43e94fe
park,"[69, 26]",137,Layer 20 copy 27,/big_tree/Layer 20 copy 27,pixel,True,True,255,norm,"[1272, 3482, 1542, 3746]",False,False,True,source_only,[],,7321f42b3b502255f3f30a3bb0c5a2808ee37970bde0dd43faa920c0f43e94fe
park,"[69, 27]",149,Layer 20 copy 36,/big_tree/Layer 20 copy 36,pixel,True,True,255,norm,"[483, 534, 750, 796]",False,False,True,source_only,[],,7321f42b3b502255f3f30a3bb0c5a2808ee37970bde0dd43faa920c0f43e94fe
park,"[69, 28]",129,Layer 20 copy 22,/big_tree/Layer 20 copy 22,pixel,True,True,255,norm,"[1184, 3886, 1424, 4120]",False,False,True,source_only,[],,7321f42b3b502255f3f30a3bb0c5a2808ee37970bde0dd43faa920c0f43e94fe
park,"[69, 29]",130,Layer 20 copy 23,/big_tree/Layer 20 copy 23,pixel,True,True,255,norm,"[1340, 3850, 1640, 4144]",False,False,True,source_only,[],,7321f42b3b502255f3f30a3bb0c5a2808ee37970bde0dd43faa920c0f43e94fe
park,"[69, 30]",132,Layer 20 copy 24,/big_tree/Layer 20 copy 24,pixel,True,True,255,norm,"[903, 3467, 1203, 3761]",False,False,True,source_only,[],,7321f42b3b502255f3f30a3bb0c5a2808ee37970bde0dd43faa920c0f43e94fe
park,"[69, 31]",126,Layer 20 copy 20,/big_tree/Layer 20 copy 20,pixel,True,True,255,norm,"[700, 3669, 970, 3933]",False,False,True,source_only,[],,7321f42b3b502255f3f30a3bb0c5a2808ee37970bde0dd43faa920c0f43e94fe
park,"[69, 32]",170,Layer 20 copy 43,/big_tree/Layer 20 copy 43,pixel,True,True,255,norm,"[484, 3910, 754, 4174]",False,False,True,source_only,[],,7321f42b3b502255f3f30a3bb0c5a2808ee37970bde0dd43faa920c0f43e94fe
park,"[69, 33]",127,Layer 20 copy 21,/big_tree/Layer 20 copy 21,pixel,True,True,255,norm,"[1586, 3681, 1824, 3913]",False,False,True,source_only,[],,7321f42b3b502255f3f30a3bb0c5a2808ee37970bde0dd43faa920c0f43e94fe
park,"[69, 34]",139,Layer 20 copy 28,/big_tree/Layer 20 copy 28,pixel,True,True,255,norm,"[1112, 3192, 1350, 3424]",False,False,True,source_only,[],,7321f42b3b502255f3f30a3bb0c5a2808ee37970bde0dd43faa920c0f43e94fe
park,"[69, 35]",135,Layer 20 copy 26,/big_tree/Layer 20 copy 26,pixel,True,True,255,norm,"[1317, 2830, 1545, 3054]",False,False,True,source_only,[],,7321f42b3b502255f3f30a3bb0c5a2808ee37970bde0dd43faa920c0f43e94fe
park,"[69, 36]",121,Layer 20 copy 16,/big_tree/Layer 20 copy 16,pixel,True,True,255,norm,"[1018, 2917, 1318, 3211]",False,False,True,source_only,[],,7321f42b3b502255f3f30a3bb0c5a2808ee37970bde0dd43faa920c0f43e94fe
park,"[69, 37]",150,Layer 20 copy 37,/big_tree/Layer 20 copy 37,pixel,True,True,255,norm,"[1299, 551, 1566, 813]",False,False,True,source_only,[],,7321f42b3b502255f3f30a3bb0c5a2808ee37970bde0dd43faa920c0f43e94fe
park,"[69, 38]",157,Layer 20 copy 42,/big_tree/Layer 20 copy 42,pixel,True,True,255,norm,"[667, 109, 934, 371]",False,False,True,source_only,[],,7321f42b3b502255f3f30a3bb0c5a2808ee37970bde0dd43faa920c0f43e94fe
park,"[69, 39]",153,Layer 20 copy 40,/big_tree/Layer 20 copy 40,pixel,True,True,255,norm,"[1340, 116, 1607, 378]",False,False,True,source_only,[],,7321f42b3b502255f3f30a3bb0c5a2808ee37970bde0dd43faa920c0f43e94fe
park,"[69, 40]",141,Layer 20 copy 30,/big_tree/Layer 20 copy 30,pixel,True,True,255,norm,"[1405, 1674, 1672, 1936]",False,False,True,source_only,[],,7321f42b3b502255f3f30a3bb0c5a2808ee37970bde0dd43faa920c0f43e94fe
park,"[69, 41]",84,Layer 20,/big_tree/Layer 20,pixel,True,True,255,norm,"[1302, 1443, 1643, 1779]",False,False,True,source_only,[],,7321f42b3b502255f3f30a3bb0c5a2808ee37970bde0dd43faa920c0f43e94fe
park,"[69, 42]",94,Layer 20 copy 6,/big_tree/Layer 20 copy 6,pixel,True,True,255,norm,"[1118, 1999, 1407, 2281]",False,False,True,source_only,[],,7321f42b3b502255f3f30a3bb0c5a2808ee37970bde0dd43faa920c0f43e94fe
park,"[69, 43]",142,Layer 20 copy 31,/big_tree/Layer 20 copy 31,pixel,True,True,255,norm,"[1256, 2085, 1581, 2403]",False,False,True,source_only,[],,7321f42b3b502255f3f30a3bb0c5a2808ee37970bde0dd43faa920c0f43e94fe
park,"[69, 44]",118,Layer 20 copy 13,/big_tree/Layer 20 copy 13,pixel,True,True,255,norm,"[1163, 2506, 1499, 2836]",False,False,True,source_only,[],,7321f42b3b502255f3f30a3bb0c5a2808ee37970bde0dd43faa920c0f43e94fe
park,[70],236,bridge_fountain,/bridge_fountain,pixel,True,True,255,norm,"[0, 0, 0, 0]",False,False,False,source_only,[],,7321f42b3b502255f3f30a3bb0c5a2808ee37970bde0dd43faa920c0f43e94fe
park,[71],237,bridge_planting,/bridge_planting,pixel,True,True,255,norm,"[0, 0, 0, 0]",False,False,False,source_only,[],,7321f42b3b502255f3f30a3bb0c5a2808ee37970bde0dd43faa920c0f43e94fe
park,[72],252,br_step copy 13,/br_step copy 13,pixel,True,True,255,norm,"[0, 0, 0, 0]",False,False,False,source_only,[],,7321f42b3b502255f3f30a3bb0c5a2808ee37970bde0dd43faa920c0f43e94fe
park,[73],238,br_wall,/br_wall,pixel,True,True,255,norm,"[0, 0, 0, 0]",False,False,False,source_only,[],,7321f42b3b502255f3f30a3bb0c5a2808ee37970bde0dd43faa920c0f43e94fe
park,[74],327,50 ft,/50 ft,pixel,True,True,255,norm,"[0, 0, 0, 0]",False,False,False,source_only,[],,7321f42b3b502255f3f30a3bb0c5a2808ee37970bde0dd43faa920c0f43e94fe
